,用户编号,公会编号,公会名,是不是会长,算力
0,215778756655316992,233207344526525696,百子湾少林寺,1,386.0
1,217235926081077248,233384692928480512,Token,1,676.0
2,216619923114557440,233215746388526336,韭菜课堂,1,357.0
3,218487337112567808,233384692928480512,Token,0,75.0
4,215870172853174272,233207344526525696,百子湾少林寺,0,1502.0
5,228178186553524224,236729913284232448,mm guild,1,27.0
6,216620218762657792,233384692928480512,Token,0,10.0
7,217310009057607680,234510585352684800,哈希guild,0,1.0
8,216480842309173248,233828205151388928,嘿嘿嘿,0,168.0
9,230164845973209088,233828205151388928,嘿嘿嘿,0,14.0
10,230164915271499776,233828205151388928,嘿嘿嘿,1,30.0
11,230178546449121280,233828205151388928,嘿嘿嘿,0,17.0
12,216464534410625024,233309886921049344,Super BTC,0,74.0
13,216439005787717632,233309886921049344,Super BTC,0,140.0
14,218774855326367744,233207344526525696,百子湾少林寺,0,109.0
15,233299238195560448,234510585352684800,哈希guild,1,56.0
16,217071701765390336,233661223189873920,闫辉的朋友,1,46.0
17,216484223555731456,234432763380630784,跑跑卡丁车,1,78.0
18,234497695014977536,238784027195344128,BHEX超人气工会,1,257.0
19,216449109253685248,234441027988227328,Super Guild,0,123.0
20,234600792408195072,234616914725569792,幣市征途,1,2926.0
21,234566144848297984,234442678371353856,斗地主,0,190.0
22,216449018983874560,233215746388526336,韭菜课堂,0,49.0
23,234650690826534912,234700541580805376,财富自由,1,312.0
24,216473048763858944,233685142751937792,麒麟社,0,38.0
25,217268712066252800,234442678371353856,斗地主,1,82.0
26,222912800522240000,233309886921049344,Super BTC,1,259.0
27,228798339389587456,233309886921049344,Super BTC,0,8.0
28,235253608294383616,235265521795466496,BHEX,1,6.0
29,235314825008513024,235345573954454784,蓝色风车,1,73.0
30,223656784781639680,254874516889797888,币哈哈,0,15.0
31,216539869370122240,238939027758384384,币核联合会,1,18.0
32,235966398248255488,233332784507389184,5029公会,0,4.0
33,235985037642956800,235995981840385280,币圈老王,1,182.0
34,233942744882741248,233384692928480512,Token,0,13.0
35,236770952401387520,236773033732474112,To Da Moon,1,22.0
36,236745814175907840,236729913284232448,mm guild,0,8.0
37,236642648801411072,246238539459855616,复仇者联盟,1,3.0
38,237636798598348800,237661061531305216,南宫远,1,925.0
39,235149221295292416,235350196253623552,币核核心,1,411.0
40,238046591024627712,237661061531305216,南宫远,0,212.0
41,238259900340502528,234432763380630784,跑跑卡丁车,0,1.0
42,238178497825341440,233685142751937792,麒麟社,0,1022.0
43,216662556251783168,233685142751937792,麒麟社,0,41.0
44,234584140358615040,234588150071297280,火锅公会,1,227.0
45,238733090049228800,234616914725569792,幣市征途,0,582.0
46,220815694869299200,233685142751937792,麒麟社,0,841.0
47,235167701834924032,234672157173744896,BHEX大牛,0,227.0
48,216473993816047616,233685142751937792,麒麟社,0,714.0
49,216487622166708224,233184213392950528,超级公会,1,11.0
50,238963160147820544,238966846999758080,BHTtodaMoon,1,1.0
51,239166752947437568,239041654928180480,Invest Life Club,0,249.0
52,239200112948281344,236067888744891648,BHEXVietnam,0,11.0
53,239643065198051328,239645778283595008,otokogumi-bhex,1,681.0
54,239740123909193728,236067888744891648,BHEXVietnam,0,1.0
55,240412450682568704,240418134610412800,老干部俱乐部,1,11.0
56,216476416940965888,233280106230187264,bhex官方小姐姐,1,319.0
57,236748335858581504,236729913284232448,mm guild,0,10.0
58,240469124126605312,241218387957777664,Phoenix,1,11.0
59,241709441693777920,241723076881155328,Augus,1,220.0
60,241745458207391744,240373972909425920,彦杰瑞业创投,0,719.0
61,241969168130506752,238784027195344128,BHEX超人气工会,0,71.0
62,236746730950098944,236729913284232448,mm guild,0,17.0
63,240376599583916032,240373972909425920,彦杰瑞业创投,0,235.0
64,236747246144847872,236729913284232448,mm guild,0,15.0
65,242128218268893184,240373972909425920,彦杰瑞业创投,0,1006.0
66,242031184111206400,242384263088178432,币核第一,1,133.0
67,241977574463635456,238953647206302976,孙玉杰的朋友们,0,26.0
68,241292601066782720,254874516889797888,币哈哈,0,12.0
69,242388728805588992,238953647206302976,孙玉杰的朋友们,0,13.0
70,242412655372140544,242421561943131392,铅笔,1,230.0
71,242536076273778688,239645778283595008,otokogumi-bhex,0,75.0
72,242424124990029824,242421561943131392,铅笔,0,294.0
73,241860271642247168,241869623941924096,超级赢家,1,23.0
74,241892043620876288,244205530321782016,爱Q活动网,0,1014.0
75,240366718097293312,240373972909425920,彦杰瑞业创投,1,3030.0
76,241773057642070016,237661061531305216,南宫远,0,51.0
77,241214160359391232,248283182842250496,币核世界,1,23.0
78,237670301448798208,237661061531305216,南宫远,0,9.0
79,243287837401939968,243816868119577856,币核轻舟,1,568.0
80,217324520720302080,233207344526525696,百子湾少林寺,0,9.0
81,243626209630748672,243626681297011968,BHEX第一工会,1,12.0
82,97054366145970176,234432763380630784,跑跑卡丁车,0,4.0
83,243884715072028672,240373972909425920,彦杰瑞业创投,0,154.0
84,243904229180440576,254874516889797888,币哈哈,0,21.0
85,243898409256484864,243946971025638656,数字沙龙,1,1291.0
86,243897203561857024,243932070710347008,区块链小伙伴,1,198.0
87,243900337185095680,243891121418405120,链金术,0,3.0
88,243916964731551744,254874516889797888,币哈哈,0,1617.0
89,243904359438745600,243900300224890112,比特币先锋,0,270.0
90,243916496789831680,254874516889797888,币哈哈,0,503.0
91,243926835036160000,243127297052509440,华龙娱乐,0,112.0
92,240552034217230336,239557784142873856,BHEX Vietnam,0,9.0
93,243954890089693184,243626681297011968,BHEX第一工会,0,3.0
94,240332548696440832,254874516889797888,币哈哈,0,51.0
95,243964924886515712,243626681297011968,BHEX第一工会,0,40.0
96,243961075907952640,254874516889797888,币哈哈,0,11.0
97,243951709431529472,243953348993352960,奉孝,1,253.0
98,243973158447874048,243981864019428608,故的量化团队,1,8.0
99,243978058602905600,239645778283595008,otokogumi-bhex,0,73.0
100,235268430889222144,233828205151388928,嘿嘿嘿,0,200.0
101,242417491597590528,241907791537898752,cocolonotomo Guild,0,9.0
102,243984871343783936,240373972909425920,彦杰瑞业创投,0,1036.0
103,243946851672522752,243947171781805312,熊市抱团取暖,1,469.0
104,216636334478196736,234441027988227328,Super Guild,1,29.0
105,243952607448793088,243947171781805312,熊市抱团取暖,0,148.0
106,243974791676297216,243979286317630720,数字货币星球,1,3.0
107,243980438039953408,251174132182680832,链门户,0,24.0
108,244003233612431360,244047958633612544,暴躁小布丁,1,28.0
109,243987621968347136,234695551004968192,比特币,0,301.0
110,244027855342927872,244028172566529280,WTC to the moon,1,11.0
111,243849130278125568,238953647206302976,孙玉杰的朋友们,0,3.0
112,243987092294860800,244055765986575616,飞虎队,1,73.0
113,244058207742590976,244013422222771456,金字招牌,0,8.0
114,244062583425073152,244070372121773312,히루的一天,1,43.0
115,244026387261030400,233828205151388928,嘿嘿嘿,0,53.0
116,244065728658145280,244074417200825600,中本聪,1,80.0
117,1001025018,235238274522940672,EVO capital,1,17.0
118,235264990377148416,235318318058439936,艺帆风顺,1,7.0
119,244171188040105984,240373972909425920,彦杰瑞业创投,0,6.0
120,216473940464500736,233685142751937792,麒麟社,0,5.0
121,236066664184283136,236067888744891648,BHEXVietnam,1,5.0
122,244608040488402944,244651038244865280,macro,1,104.0
123,244205804536987648,244201533192013056,达摩院,0,8.0
124,244016416586727424,244020274868258048,币核之光,1,20.0
125,244210438462767104,234695551004968192,比特币,0,13.0
126,241278329075007488,240373972909425920,彦杰瑞业创投,0,8.0
127,244201010321686528,244201533192013056,达摩院,1,27.0
128,244912194645655552,244020274868258048,币核之光,0,53.0
129,244192774940000256,244020274868258048,币核之光,0,4.0
130,244833477021925376,254874516889797888,币哈哈,0,2701.0
131,240433088898007040,240373972909425920,彦杰瑞业创投,0,99.0
132,239531127671619584,236067888744891648,BHEXVietnam,0,4.0
133,241090761150693376,243918003710985472,数字货币趋势狂人,1,265.0
134,244625559534174208,244208163958818048,熊猫军团,0,8.0
135,235298328198512640,240339635719636224,天玄宫之碧血剑,1,68.0
136,216497322719444992,233384692928480512,Token,0,27.0
137,245601990409977856,245428664312005888,blabs,0,1533.0
138,245737255413743616,239645778283595008,otokogumi-bhex,0,3.0
139,245428082486542336,245428664312005888,blabs,1,2623.0
140,246626175466864640,237661061531305216,南宫远,0,3.0
141,230478863992619008,233163060075037952,老王测试公会,1,108.0
142,246849024777519104,246778741882356992,巨石,0,180.0
143,245394596161650688,238953647206302976,孙玉杰的朋友们,0,3.0
144,244080002084372480,243126309822399744,BHEX官方公会,0,24.0
145,246946591636979712,246944446342759680,超级公会1,0,32.0
146,246966049566883840,246944446342759680,超级公会1,0,29.0
147,241204249328091136,240339635719636224,天玄宫之碧血剑,0,213.0
148,248196234861608960,244201533192013056,达摩院,0,3.0
149,244219296128172032,244201533192013056,达摩院,0,8.0
150,244517774117044224,244020274868258048,币核之光,0,8.0
151,248289336523751424,244201533192013056,达摩院,0,3.0
152,244221185670512640,244201533192013056,达摩院,0,3.0
153,244601497097338880,244201533192013056,达摩院,0,8.0
154,248234093177995264,244201533192013056,达摩院,0,8.0
155,248473358298251264,233309886921049344,Super BTC,0,81.0
156,244475825112743936,244201533192013056,达摩院,0,8.0
157,244499304801370112,244020274868258048,币核之光,0,8.0
158,244571822513979392,244201533192013056,达摩院,0,8.0
159,241765917057613824,239645778283595008,otokogumi-bhex,0,59.0
160,244569217305935872,244573072190080256,BHEX超级工会,1,4.0
161,231721722779533312,233828205151388928,嘿嘿嘿,0,6.0
162,232446139889352704,233208973938132224,brickhu's guild,1,6.0
163,241918715292286976,241907791537898752,cocolonotomo Guild,0,13.0
164,241157117439115264,241168321490453760,打到小怪兽,1,8.0
165,244693673126920192,244201533192013056,达摩院,0,8.0
166,243859174721847296,233685142751937792,麒麟社,0,26.0
167,241106170578993152,241106598783878400,百倍币协会,1,151.0
168,240397128462237696,240373972909425920,彦杰瑞业创投,0,122.0
169,246242494453645312,246238539459855616,复仇者联盟,0,1.0
170,246240844691275776,246238539459855616,复仇者联盟,0,1.0
171,252023070938890240,252036128738379008,共赢集团,1,8.0
172,244165192223817728,244103179665671424,大路节点,0,79.0
173,252107814175244288,240373972909425920,彦杰瑞业创投,0,306.0
174,252175771387559936,246944446342759680,超级公会1,0,8.0
175,244565589174255616,244103179665671424,大路节点,0,1978.0
176,252168837599068160,246944446342759680,超级公会1,0,2739.0
177,252587103987433472,252609114176488704,金義之家,1,90.0
178,252666763836391424,252609114176488704,金義之家,0,8.0
179,219224468617428992,234459696810165504,up up,0,8.0
180,252741877227585536,252609114176488704,金義之家,0,33.0
181,244790009453084672,240373972909425920,彦杰瑞业创投,0,31.0
182,252138692549017600,239645778283595008,otokogumi-bhex,0,376.0
183,252528123340652544,240373972909425920,彦杰瑞业创投,0,306.0
184,241152590384201728,241157643052516608,Jennifer的工会,1,22.0
185,241934910045290496,239645778283595008,otokogumi-bhex,0,126.0
186,253270438367723520,240373972909425920,彦杰瑞业创投,0,786.0
187,244130959111487488,244103179665671424,大路节点,0,883.0
188,253543103728975872,239645778283595008,otokogumi-bhex,0,158.0
189,252623608248270848,240373972909425920,彦杰瑞业创投,0,1768.0
190,1001025001,249781835687789824,ANBINCE,1,5.0
191,97298429944266752,237688750036223232,任培伟的公会,1,5.0
192,1001025042,239647300446848256,Chain Capital,1,5.0
193,217421583332147200,233685142751937792,麒麟社,0,5.0
194,218478363189444608,238856168444003584,1111111,1,5.0
195,220958474748821504,238804827101201664,66666,1,5.0
196,216561257166405632,233384692928480512,Token,0,322.0
197,233335509555085312,233339940526884096,超级工会,1,5.0
198,230164722853609472,233828205151388928,嘿嘿嘿,0,5.0
199,217303503566274560,234432763380630784,跑跑卡丁车,0,5.0
200,217332273480204288,234459696810165504,up up,1,48.0
201,235839299915087872,233280106230187264,bhex官方小姐姐,0,5.0
202,239617842465734656,239557784142873856,BHEX Vietnam,0,5.0
203,241847969933164544,239645778283595008,otokogumi-bhex,0,5.0
204,234669484907167744,234672157173744896,BHEX大牛,1,13.0
205,218508518523928576,234463534816429312,金金土,1,5.0
206,239640578688811008,239557784142873856,BHEX Vietnam,0,5.0
207,240300198231015424,236067888744891648,BHEXVietnam,0,5.0
208,217351077467783168,233685142751937792,麒麟社,0,36.0
209,240239515267235840,239557784142873856,BHEX Vietnam,0,5.0
210,242393799450689536,242392198543574272,LEX,0,5.0
211,241861580860686336,241871349310817536,hidekishon,1,5.0
212,240188489705193472,239557784142873856,BHEX Vietnam,0,5.0
213,240307645821747200,239557784142873856,BHEX Vietnam,0,5.0
214,242375282059902976,242392198543574272,LEX,1,5.0
215,239108088198856704,236067888744891648,BHEXVietnam,0,5.0
216,239645424510828544,239557784142873856,BHEX Vietnam,0,5.0
217,241666423997595648,244644756544816384,牛眼,1,5.0
218,239518844987899904,236067888744891648,BHEXVietnam,0,5.0
219,240140798782603264,239557784142873856,BHEX Vietnam,0,5.0
220,239587833680232448,239557784142873856,BHEX Vietnam,0,5.0
221,242028066015281152,236067888744891648,BHEXVietnam,0,5.0
222,240930313394716672,233828205151388928,嘿嘿嘿,0,5.0
223,239841384658632704,239557784142873856,BHEX Vietnam,0,5.0
224,240505165738934272,236067888744891648,BHEXVietnam,0,5.0
225,239580694983213056,239557784142873856,BHEX Vietnam,0,5.0
226,242642196896153600,239645778283595008,otokogumi-bhex,0,5.0
227,241926044284878848,239645778283595008,otokogumi-bhex,0,5.0
228,239166849902968832,235350196253623552,币核核心,0,5.0
229,239621953865121792,239557784142873856,BHEX Vietnam,0,5.0
230,235432415198445568,233828205151388928,嘿嘿嘿,0,6.0
231,241917101080838144,241907791537898752,cocolonotomo Guild,0,5.0
232,239693881825034240,236067888744891648,BHEXVietnam,0,5.0
233,239821541104418816,239557784142873856,BHEX Vietnam,0,5.0
234,241144285687447552,239557784142873856,BHEX Vietnam,0,5.0
235,239472169749577728,236067888744891648,BHEXVietnam,0,5.0
236,235863705689260032,236056741098554624,百币堂,1,5.0
237,241896443865202688,241902555024852224,Polarizing,1,5.0
238,241003816005402624,233828205151388928,嘿嘿嘿,0,5.0
239,239202195898368000,239205689485165824,Duc,1,5.0
240,239707331196354560,236067888744891648,BHEXVietnam,0,5.0
241,239650798924201984,239557784142873856,BHEX Vietnam,0,5.0
242,236747862866919424,236729913284232448,mm guild,0,6.0
243,241989051069235200,239645778283595008,otokogumi-bhex,0,138.0
244,239699083911233536,239557784142873856,BHEX Vietnam,0,5.0
245,242042930016288768,241907791537898752,cocolonotomo Guild,0,5.0
246,238065471759581184,237661061531305216,南宫远,0,5.0
247,242581945333317632,239645778283595008,otokogumi-bhex,0,5.0
248,243443412400078848,240373972909425920,彦杰瑞业创投,0,5.0
249,240995008126386176,240995795103646976,tc285582,1,5.0
250,240905651717668864,239557784142873856,BHEX Vietnam,0,5.0
251,243985600338984960,240373972909425920,彦杰瑞业创投,0,5.0
252,244091877803163648,233685142751937792,麒麟社,0,5.0
253,244129639466008576,243841804649366784,将夜,0,5.0
254,244090260831862784,244092046087030016,未来有你,1,5.0
255,239650523928854528,239557784142873856,BHEX Vietnam,0,5.0
256,244181439439175680,244020274868258048,币核之光,0,5.0
257,244092518709592064,244103179665671424,大路节点,1,585.0
258,240630419861798912,239557784142873856,BHEX Vietnam,0,5.0
259,243966879348293632,243947171781805312,熊市抱团取暖,0,7.0
260,244191770697793536,244020274868258048,币核之光,0,5.0
261,241992531192315904,239557784142873856,BHEX Vietnam,0,5.0
262,244195767693344768,244020274868258048,币核之光,0,5.0
263,244211384286707712,244216404138788096,后宫三千佳丽,1,5.0
264,244195640983420928,244020274868258048,币核之光,0,5.0
265,244213222339772416,244208163958818048,熊猫军团,0,5.0
266,244208700502573056,244201533192013056,达摩院,0,5.0
267,244207644267773952,244208163958818048,熊猫军团,1,5.0
268,244206148755128320,244201533192013056,达摩院,0,5.0
269,244220113035984896,244020274868258048,币核之光,0,5.0
270,243888587781963776,236773033732474112,To Da Moon,0,5.0
271,244213809349394432,244208163958818048,熊猫军团,0,5.0
272,244668831078023168,244224570247349504,恒隆广场,0,5.0
273,244208293789302784,244201533192013056,达摩院,0,5.0
274,244201781696135168,244020274868258048,币核之光,0,5.0
275,244225971992133632,244208163958818048,熊猫军团,0,5.0
276,244212205103611904,244201533192013056,达摩院,0,5.0
277,244505881662980096,244208163958818048,熊猫军团,0,5.0
278,244218230372302848,244020274868258048,币核之光,0,5.0
279,244219797993422848,244020274868258048,币核之光,0,5.0
280,244483251673235456,244201533192013056,达摩院,0,5.0
281,244572479803359232,244208163958818048,熊猫军团,0,5.0
282,244663617214218240,244224570247349504,恒隆广场,0,5.0
283,244637602890907648,244216404138788096,后宫三千佳丽,0,5.0
284,244216814299774976,244020274868258048,币核之光,0,5.0
285,244773163316281344,244041490656134400,老李公会,0,5.0
286,244271932017737728,244208163958818048,熊猫军团,0,5.0
287,244209728954302464,244020274868258048,币核之光,0,5.0
288,244576515260678144,244567864114414848,瑞兽,0,5.0
289,244621527323246592,244575744196609280,来聚丰,0,5.0
290,244211029708636160,244020274868258048,币核之光,0,5.0
291,244783940110647296,244216404138788096,后宫三千佳丽,0,5.0
292,244221703608336384,244020274868258048,币核之光,0,5.0
293,244504781924859904,244020274868258048,币核之光,0,5.0
294,244650717867147264,244208163958818048,熊猫军团,0,5.0
295,244230582454976512,244201533192013056,达摩院,0,5.0
296,244511912401043456,244020274868258048,币核之光,0,5.0
297,244491935501516800,244020274868258048,币核之光,0,5.0
298,244721766768050176,244201533192013056,达摩院,0,5.0
299,244807994586693632,244798356847854848,嗯嗯哟,0,5.0
300,243983722096099328,243127297052509440,华龙娱乐,0,5.0
301,244508374321070080,244208163958818048,熊猫军团,0,5.0
302,244845726914576384,244020274868258048,币核之光,0,5.0
303,244503000536842240,244201533192013056,达摩院,0,5.0
304,244533584403365888,244208163958818048,熊猫军团,0,5.0
305,244569636727947264,244216404138788096,后宫三千佳丽,0,5.0
306,244575608804474880,244575744196609280,来聚丰,1,5.0
307,244576387409903616,244201533192013056,达摩院,0,5.0
308,244265591958142976,244020274868258048,币核之光,0,5.0
309,244528960283869184,243841804649366784,将夜,0,5.0
310,244663318244229120,244216404138788096,后宫三千佳丽,0,5.0
311,244232542570676224,244201533192013056,达摩院,0,5.0
312,244789241912229888,244216404138788096,后宫三千佳丽,0,5.0
313,244507905574043648,244020274868258048,币核之光,0,5.0
314,244726846187634688,244727159309206784,柚子,1,5.0
315,244470007730536448,244208163958818048,熊猫军团,0,5.0
316,244626867829866496,244216404138788096,后宫三千佳丽,0,5.0
317,244821469719429120,244575744196609280,来聚丰,0,5.0
318,244506709543092224,244020274868258048,币核之光,0,5.0
319,244560417958133760,244201533192013056,达摩院,0,5.0
320,244590649729613824,244224570247349504,恒隆广场,0,5.0
321,244673942986686464,244216404138788096,后宫三千佳丽,0,5.0
322,244520014890401792,244020274868258048,币核之光,0,5.0
323,244852611940089856,244575744196609280,来聚丰,0,5.0
324,244280346454261760,244020274868258048,币核之光,0,5.0
325,244586508659720192,244575744196609280,来聚丰,0,5.0
326,244432267240538112,244020274868258048,币核之光,0,5.0
327,244632325659557888,244216404138788096,后宫三千佳丽,0,5.0
328,244795728873127936,244208163958818048,熊猫军团,0,5.0
329,244145576319647744,244103179665671424,大路节点,0,5.0
330,244707159357784064,244020274868258048,币核之光,0,5.0
331,244519625130508288,244201533192013056,达摩院,0,5.0
332,244625117093822464,244224570247349504,恒隆广场,0,5.0
333,244220054701604864,244208163958818048,熊猫军团,0,5.0
334,244269866465624064,244020274868258048,币核之光,0,5.0
335,244657996855246848,244216404138788096,后宫三千佳丽,0,5.0
336,244582612998553600,244208163958818048,熊猫军团,0,5.0
337,244522073647742976,244020274868258048,币核之光,0,5.0
338,244811893284536320,244575744196609280,来聚丰,0,5.0
339,244710766736048128,244201533192013056,达摩院,0,5.0
340,244361957795430400,244020274868258048,币核之光,0,5.0
341,244857509620482048,244575744196609280,来聚丰,0,5.0
342,244539879156088832,244224570247349504,恒隆广场,0,5.0
343,244509944567824384,244020274868258048,币核之光,0,5.0
344,244650404535861248,244020274868258048,币核之光,0,5.0
345,244822651523301376,244798356847854848,嗯嗯哟,0,5.0
346,244852912755572736,241168321490453760,打到小怪兽,0,5.0
347,244217858907963392,244020274868258048,币核之光,0,5.0
348,244659537792204800,244208163958818048,熊猫军团,0,5.0
349,244535083556667392,244321773200606464,超级币糖,0,5.0
350,244374261794603008,244201533192013056,达摩院,0,5.0
351,244652778142826496,244216404138788096,后宫三千佳丽,0,5.0
352,244520839859666944,244020274868258048,币核之光,0,5.0
353,244177610576494592,244020274868258048,币核之光,0,5.0
354,244236466929270784,244020274868258048,币核之光,0,5.0
355,244483023586983936,244201533192013056,达摩院,0,5.0
356,244748810960764928,244321773200606464,超级币糖,0,5.0
357,244519886318206976,244020274868258048,币核之光,0,5.0
358,244833121403666432,244575744196609280,来聚丰,0,5.0
359,244494802518016000,244201533192013056,达摩院,0,5.0
360,244865105781850112,244020274868258048,币核之光,0,5.0
361,244640436713684992,244208163958818048,熊猫军团,0,5.0
362,239550407737868288,236067888744891648,BHEXVietnam,0,5.0
363,244510725966659584,244020274868258048,币核之光,0,5.0
364,244763774215782400,243841804649366784,将夜,0,5.0
365,244359872018382848,244020274868258048,币核之光,0,5.0
366,244477620140638208,244020274868258048,币核之光,0,5.0
367,244500195000451072,244208163958818048,熊猫军团,0,5.0
368,244522745172590592,244201533192013056,达摩院,0,5.0
369,244718440978579456,244020274868258048,币核之光,0,5.0
370,244289719104700416,244020274868258048,币核之光,0,5.0
371,244565925339332608,244321773200606464,超级币糖,0,5.0
372,244327527936688128,244020274868258048,币核之光,0,5.0
373,244553293546913792,244224570247349504,恒隆广场,0,5.0
374,244606352364929024,244216404138788096,后宫三千佳丽,0,5.0
375,244643166760992768,243841804649366784,将夜,0,5.0
376,244626963459997696,244020274868258048,币核之光,0,5.0
377,244635030926917632,244201533192013056,达摩院,0,5.0
378,244676639169183744,244201533192013056,达摩院,0,5.0
379,244751407008448512,244216404138788096,后宫三千佳丽,0,5.0
380,244245188967661568,244020274868258048,币核之光,0,5.0
381,244838361641254912,244575744196609280,来聚丰,0,5.0
382,244233414373539840,244020274868258048,币核之光,0,5.0
383,244758155157045248,244216404138788096,后宫三千佳丽,0,5.0
384,244472767104417792,244020274868258048,币核之光,0,5.0
385,244258729154052096,244208163958818048,熊猫军团,0,5.0
386,244436415566577664,244201533192013056,达摩院,0,5.0
387,244589396035371008,244224570247349504,恒隆广场,0,5.0
388,244518565489934336,244020274868258048,币核之光,0,5.0
389,244585756151250944,244224570247349504,恒隆广场,0,5.0
390,244828441466372096,244575744196609280,来聚丰,0,5.0
391,244637396984135680,244020274868258048,币核之光,0,5.0
392,244861073805803520,244575744196609280,来聚丰,0,5.0
393,244554772894711808,244020274868258048,币核之光,0,5.0
394,244869741276299264,244575744196609280,来聚丰,0,5.0
395,244873947517288448,244575744196609280,来聚丰,0,5.0
396,244879532518277120,244575744196609280,来聚丰,0,5.0
397,244616204524978176,244020274868258048,币核之光,0,5.0
398,244866362093338624,244575744196609280,来聚丰,0,5.0
399,244233751327145984,244201533192013056,达摩院,0,5.0
400,244528477192323072,244020274868258048,币核之光,0,5.0
401,244832656959995904,244020274868258048,币核之光,0,5.0
402,244233109019820032,244020274868258048,币核之光,0,5.0
403,244522019893542912,244020274868258048,币核之光,0,5.0
404,244893935674327040,244224570247349504,恒隆广场,0,5.0
405,244202697287532544,244020274868258048,币核之光,0,5.0
406,244452760484052992,244020274868258048,币核之光,0,5.0
407,244213436618375168,244020274868258048,币核之光,0,5.0
408,244913306832470016,244201533192013056,达摩院,0,5.0
409,244718434334801920,244020274868258048,币核之光,0,5.0
410,244857263221899264,244201533192013056,达摩院,0,5.0
411,244870845451993088,244020274868258048,币核之光,0,5.0
412,244917336442929152,244201533192013056,达摩院,0,5.0
413,244873260288966656,244020274868258048,币核之光,0,5.0
414,244875530489561088,244020274868258048,币核之光,0,5.0
415,244924171497504768,244201533192013056,达摩院,0,5.0
416,244927744121765888,244201533192013056,达摩院,0,5.0
417,244877709271105536,244020274868258048,币核之光,0,5.0
418,244934711330471936,244939520318113024,2019币圈归来,1,5.0
419,244880131699769344,244020274868258048,币核之光,0,5.0
420,244940895353569280,244575744196609280,来聚丰,0,5.0
421,244867334131679232,244020274868258048,币核之光,0,5.0
422,244876993857060864,244020274868258048,币核之光,0,5.0
423,244324202113662976,244208163958818048,熊猫军团,0,5.0
424,244830683875508224,244020274868258048,币核之光,0,5.0
425,245233567737839616,244939520318113024,2019币圈归来,0,5.0
426,244882620733980672,244020274868258048,币核之光,0,5.0
427,244863432707538944,244224570247349504,恒隆广场,0,5.0
428,244882519315709952,244020274868258048,币核之光,0,5.0
429,245241003106369536,244224570247349504,恒隆广场,0,5.0
430,244213760586416128,244208163958818048,熊猫军团,0,5.0
431,245356920859525120,244575744196609280,来聚丰,0,5.0
432,244882156139315200,244020274868258048,币核之光,0,5.0
433,245361939402981376,244575744196609280,来聚丰,0,5.0
434,244490625108672512,244201533192013056,达摩院,0,5.0
435,245368583717388288,244575744196609280,来聚丰,0,5.0
436,245373605960220672,244208163958818048,熊猫军团,0,5.0
437,244892281960923136,244020274868258048,币核之光,0,5.0
438,244769468067348480,244575744196609280,来聚丰,0,5.0
439,244898921107947520,244020274868258048,币核之光,0,5.0
440,217307950652588032,233282233161745664,自律即自由,1,5.0
441,244219202158985216,244020274868258048,币核之光,0,5.0
442,246724482344157184,244216404138788096,后宫三千佳丽,0,5.0
443,244095947125293056,243947171781805312,熊市抱团取暖,0,6.0
444,245382513110024192,244575744196609280,来聚丰,0,5.0
445,244595509552218112,244224570247349504,恒隆广场,0,5.0
446,244248248225890304,243947171781805312,熊市抱团取暖,0,7.0
447,245385436363751424,244575744196609280,来聚丰,0,5.0
448,247021535670566912,247021002104767744,以太坊第一,0,5.0
449,245455396398170112,244575744196609280,来聚丰,0,5.0
450,246985982057119744,246986530453980416,天下第一,1,5.0
451,246729551454142464,244216404138788096,后宫三千佳丽,0,5.0
452,245616015667625984,245428664312005888,blabs,0,5.0
453,244576580280778752,243947171781805312,熊市抱团取暖,0,7.0
454,244649008193339392,244201533192013056,达摩院,0,5.0
455,246997891582001152,246997211081344256,抱团取暖,0,5.0
456,246824793863880704,246952705590035712,N0.1,1,5.0
457,244910440570945536,244020274868258048,币核之光,0,5.0
458,244113315016736768,243947171781805312,熊市抱团取暖,0,7.0
459,247025175923785728,247025620813612288,虚拟货币投资,1,5.0
460,244931413877719040,244020274868258048,币核之光,0,5.0
461,244578817589641216,243947171781805312,熊市抱团取暖,0,6.0
462,246717681313775616,244216404138788096,后宫三千佳丽,0,5.0
463,244647135646318592,244208163958818048,熊猫军团,0,5.0
464,244937125890621440,244020274868258048,币核之光,0,5.0
465,246983430888488960,246980717735838976,币圈第一,0,5.0
466,247020777222963200,247021002104767744,以太坊第一,1,5.0
467,244248293155274752,243947171781805312,熊市抱团取暖,0,6.0
468,244254482270257152,243947171781805312,熊市抱团取暖,0,6.0
469,244935627492294656,244020274868258048,币核之光,0,5.0
470,247026497792245760,247025620813612288,虚拟货币投资,0,5.0
471,244580564718583808,243947171781805312,熊市抱团取暖,0,7.0
472,245594166573400064,244201533192013056,达摩院,0,5.0
473,246987283381878784,246986530453980416,天下第一,0,5.0
474,244944441193005056,244020274868258048,币核之光,0,5.0
475,247009367893999616,247009660757083392,熊市定投,1,5.0
476,247026570898964480,247025620813612288,虚拟货币投资,0,5.0
477,244944682105438208,244020274868258048,币核之光,0,5.0
478,244063704789024768,243947171781805312,熊市抱团取暖,0,7.0
479,242152822307815424,237661061531305216,南宫远,0,5.0
480,246738251682152448,244216404138788096,后宫三千佳丽,0,5.0
481,244919527245348864,244020274868258048,币核之光,0,5.0
482,244252532447379456,243947171781805312,熊市抱团取暖,0,7.0
483,247001608691646464,247001125298111744,超级比特币,0,5.0
484,247030759096057856,247031362606073088,投资,1,5.0
485,247010508551749632,247009660757083392,熊市定投,0,5.0
486,246747975135789056,244216404138788096,后宫三千佳丽,0,5.0
487,245339074607710208,244020274868258048,币核之光,0,5.0
488,244256125606952960,243947171781805312,熊市抱团取暖,0,6.0
489,247040267750998016,247043233040041216,acom,1,5.0
490,247014196972355584,247014883487646976,比特币的春天,1,5.0
491,247005035303796736,247005238224225536,韭菜团,1,5.0
492,244227469962641408,244020274868258048,币核之光,0,5.0
493,245487246659289088,244575744196609280,来聚丰,0,5.0
494,246991398036045824,246990899157140736,币圈铁头,0,5.0
495,246695159679680512,244216404138788096,后宫三千佳丽,0,5.0
496,244974880892911616,243841804649366784,将夜,0,5.0
497,246805475679797248,244020274868258048,币核之光,0,5.0
498,243996299781996544,243947171781805312,熊市抱团取暖,0,9.0
499,247010449437229056,247009660757083392,熊市定投,0,5.0
500,247030522403094528,247031224881906944,加密货币社团,1,5.0
501,244248908543557632,243947171781805312,熊市抱团取暖,0,6.0
502,247000775275053056,247001125298111744,超级比特币,1,5.0
503,246987357168074752,246986530453980416,天下第一,0,5.0
504,244229055560548352,243947171781805312,熊市抱团取暖,0,7.0
505,246744578697461760,244216404138788096,后宫三千佳丽,0,5.0
506,247005665472806912,247005238224225536,韭菜团,0,5.0
507,247015413874163712,247014883487646976,比特币的春天,0,5.0
508,240383003078164480,236067888744891648,BHEXVietnam,0,5.0
509,246400997520572416,244020274868258048,币核之光,0,5.0
510,246702960674078720,244216404138788096,后宫三千佳丽,0,5.0
511,246269328562061312,244020274868258048,币核之光,0,5.0
512,244039322033192960,243947171781805312,熊市抱团取暖,0,7.0
513,246775883086692352,244216404138788096,后宫三千佳丽,0,5.0
514,246706012130902016,244216404138788096,后宫三千佳丽,0,5.0
515,244246200424071168,243947171781805312,熊市抱团取暖,0,7.0
516,245629328203972608,244020274868258048,币核之光,0,5.0
517,246782628651597824,244216404138788096,后宫三千佳丽,0,5.0
518,244249971363414016,243947171781805312,熊市抱团取暖,0,6.0
519,246983280707239936,246980717735838976,币圈第一,0,5.0
520,246264883354796032,244020274868258048,币核之光,0,5.0
521,244583458293415936,243947171781805312,熊市抱团取暖,0,7.0
522,246712614443548672,244216404138788096,后宫三千佳丽,0,5.0
523,244040765410639872,243947171781805312,熊市抱团取暖,0,6.0
524,246787036856713216,244216404138788096,后宫三千佳丽,0,5.0
525,244229132240814080,243947171781805312,熊市抱团取暖,0,7.0
526,246996734641963008,246997211081344256,抱团取暖,1,5.0
527,247021455718744064,247021002104767744,以太坊第一,0,5.0
528,246971235790225408,243626681297011968,BHEX第一工会,0,5.0
529,244252275563036672,243947171781805312,熊市抱团取暖,0,7.0
530,246760890597376000,244216404138788096,后宫三千佳丽,0,5.0
531,246687159900438528,244216404138788096,后宫三千佳丽,0,5.0
532,247035031070179328,247031224881906944,加密货币社团,0,5.0
533,244581425909858304,243947171781805312,熊市抱团取暖,0,6.0
534,247001652907999232,247001125298111744,超级比特币,0,5.0
535,244577863721025536,243947171781805312,熊市抱团取暖,0,7.0
536,246691890353930240,244216404138788096,后宫三千佳丽,0,5.0
537,246699944038367232,244216404138788096,后宫三千佳丽,0,5.0
538,244584927641993216,243947171781805312,熊市抱团取暖,0,6.0
539,246766975601344512,244216404138788096,后宫三千佳丽,0,5.0
540,244527283334021120,244208163958818048,熊猫军团,0,5.0
541,244060215178428416,243947171781805312,熊市抱团取暖,0,7.0
542,246980417675329536,246980717735838976,币圈第一,1,5.0
543,246990647398236160,246990899157140736,币圈铁头,1,5.0
544,244104716215386112,243947171781805312,熊市抱团取暖,0,7.0
545,247005616718217216,247005238224225536,韭菜团,0,5.0
546,246991461336481792,246990899157140736,币圈铁头,0,5.0
547,244254003532398592,243947171781805312,熊市抱团取暖,0,6.0
548,244616488840069120,244074417200825600,中本聪,0,5.0
549,247035080814624768,247031224881906944,加密货币社团,0,5.0
550,244257298527289344,243947171781805312,熊市抱团取暖,0,7.0
551,247015347763544064,247014883487646976,比特币的春天,0,5.0
552,245592734596071424,243841804649366784,将夜,0,5.0
553,247043413093122048,247031362606073088,投资,0,5.0
554,244246267532935168,243947171781805312,熊市抱团取暖,0,7.0
555,246971143758807040,243626681297011968,BHEX第一工会,0,5.0
556,246756561740103680,244216404138788096,后宫三千佳丽,0,5.0
557,244582443833884672,243947171781805312,熊市抱团取暖,0,7.0
558,247030813210968064,247031554906522880,顶级超级公会,1,5.0
559,246667644860891136,244020274868258048,币核之光,0,5.0
560,244578740297007104,243947171781805312,熊市抱团取暖,0,6.0
561,247043456873267200,247031362606073088,投资,0,5.0
562,243990005792636928,243947171781805312,熊市抱团取暖,0,7.0
563,247045948440838144,247031554906522880,顶级超级公会,0,5.0
564,244249820955672576,243947171781805312,熊市抱团取暖,0,7.0
565,247045902831976448,247031554906522880,顶级超级公会,0,5.0
566,244581600367738880,243947171781805312,熊市抱团取暖,0,6.0
567,247048819483869184,247048473093080320,大佬公会,0,5.0
568,243992652390072320,243947171781805312,熊市抱团取暖,0,9.0
569,247048257421967360,247048473093080320,大佬公会,1,5.0
570,244030256892346368,243947171781805312,熊市抱团取暖,0,7.0
571,247048999612448768,247048345485575424,自己的公会,0,5.0
572,247049048761303040,247048345485575424,自己的公会,0,5.0
573,244132219818606592,243947171781805312,熊市抱团取暖,0,7.0
574,247053702173818880,247053320819311872,争霸币圈,0,5.0
575,247048766434312192,247048473093080320,大佬公会,0,5.0
576,247053204846804992,247053386393060608,施华文的公会,1,5.0
577,244257164905152512,243947171781805312,熊市抱团取暖,0,7.0
578,247053653872214016,247053320819311872,争霸币圈,0,5.0
579,244582116200022016,243947171781805312,熊市抱团取暖,0,6.0
580,247053976414191616,247053386393060608,施华文的公会,0,5.0
581,246041668149837824,244201533192013056,达摩院,0,5.0
582,247056711511441408,247053386393060608,施华文的公会,0,5.0
583,243983420668248064,243947171781805312,熊市抱团取暖,0,7.0
584,246162806460907520,244201533192013056,达摩院,0,5.0
585,247070452386889728,247072448615548160,biyuzhong,1,5.0
586,244256058540032000,243947171781805312,熊市抱团取暖,0,6.0
587,247074130883772416,247074565052957952,su600c,1,5.0
588,247056755929120768,247053386393060608,施华文的公会,0,5.0
589,246166885530599424,244201533192013056,达摩院,0,5.0
590,244248997882232832,243947171781805312,熊市抱团取暖,0,7.0
591,244580776178614272,243947171781805312,熊市抱团取暖,0,7.0
592,246165879921049600,244201533192013056,达摩院,0,5.0
593,244584625350115328,243947171781805312,熊市抱团取暖,0,7.0
594,244583677043146752,243947171781805312,熊市抱团取暖,0,5.0
595,244585947965161472,243947171781805312,熊市抱团取暖,0,7.0
596,244586206183292928,243947171781805312,熊市抱团取暖,0,7.0
597,244441533145939968,244321773200606464,超级币糖,0,5.0
598,245750914307325952,236067888744891648,BHEXVietnam,0,5.0
599,247625501278208000,247625069365560576,DS.NO1,0,5.0
600,247747732037697536,247748006705890560,何博文,1,5.0
601,248298409449226240,247072903387153664,HOPE,0,5.0
602,247618583822336000,247618749606397184,天下无敌第一,1,5.0
603,247625455518351360,247625069365560576,DS.NO1,0,5.0
604,247639021784924160,247638486222636288,币圈神教,0,5.0
605,247735797011447808,247736256438732032,香冲,1,5.0
606,247769745179541504,247770230569567488,忠翔,1,5.0
607,247747678375772160,247747983729493248,吴龙怀,1,5.0
608,247619536784982016,247618749606397184,天下无敌第一,0,5.0
609,247638250175594496,247638486222636288,币圈神教,1,5.0
610,247735933250830336,247736340802962688,丽丽,1,5.0
611,247769668356669440,247770171488601344,DAVE,1,5.0
612,247802802360025088,247803160956241152,彭学桢,1,5.0
613,244237600649641984,244208163958818048,熊猫军团,0,5.0
614,247802840242978816,247803124063143168,英才教育,1,5.0
615,247619604002897920,247618749606397184,天下无敌第一,0,5.0
616,248291942469992448,247072684410930432,寒冬,0,5.0
617,247740245414772736,247741528183932160,丁世涛,1,5.0
618,247774839354687488,247775208344388864,牟恩平,1,5.0
619,247643018847584256,247642569939617024,sgawk,0,5.0
620,247740447102074880,247741263431075072,龚沾奎,1,5.0
621,247610073495633920,247609006229816576,sdgkhh,0,5.0
622,247775003544911872,247775287163749632,代付,1,5.0
623,248292193918517248,247072448615548160,biyuzhong,0,5.0
624,247747832944263168,247748055519200512,方海英,1,5.0
625,247629914684260352,247629418112222464,dkh,0,5.0
626,247624574286692352,244216404138788096,后宫三千佳丽,0,5.0
627,247779148968493056,247779651395781888,mfb596k,1,5.0
628,247561740357992448,247561299511477504,币圈大帮,0,5.0
629,248298492219621376,247072903387153664,HOPE,0,5.0
630,247610131385417728,247609006229816576,sdgkhh,0,5.0
631,247655702984916992,244216404138788096,后宫三千佳丽,0,5.0
632,247629971089260544,247629418112222464,dkh,0,5.0
633,248298362070368256,247072903387153664,HOPE,0,5.0
634,247794908268855296,247795163114767616,王雪丽,1,5.0
635,247586051047292928,247586585477121280,创世大会,1,5.0
636,247762749223075840,247763166514382080,丁磊,1,5.0
637,247740689692229632,247741318946882816,胜利公会,1,5.0
638,247775063104028672,247775355656733952,佳伟,1,5.0
639,247643073591640064,247642569939617024,sgawk,0,5.0
640,248292130567749632,247072448615548160,biyuzhong,0,5.0
641,247629240399560704,247629418112222464,dkh,1,5.0
642,247608062117150720,247609006229816576,sdgkhh,1,5.0
643,247663247984164864,244216404138788096,后宫三千佳丽,0,5.0
644,247747781236883456,247748029766173952,赵玉会,1,5.0
645,247556603451277312,247556144208545024,投资之道,0,5.0
646,247762813823746048,247763189373338880,丁敏,1,5.0
647,247651971404922880,244216404138788096,后宫三千佳丽,0,5.0
648,247779098771062784,247779781838636288,李 传 菊,1,5.0
649,247753370935492608,247753805876430080,范德霞,1,5.0
650,248298452197572608,247072903387153664,HOPE,0,5.0
651,247633253224415232,247633629688366336,jeep,1,5.0
652,247813768124563456,247814156911379712,刘亚亚,1,5.0
653,247561791226511360,247561299511477504,币圈大帮,0,5.0
654,247796946297946112,247797185952089344,王蒙,1,5.0
655,247624818789449728,247625069365560576,DS.NO1,1,5.0
656,247666841890324480,244216404138788096,后宫三千佳丽,0,5.0
657,247541355755339776,247541712942269696,李占军,1,5.0
658,247570720580960256,247570910054450432,大红包,1,5.0
659,247613408789397504,247614117752603904,币圈第一派,1,5.0
660,247609309444440064,244216404138788096,后宫三千佳丽,0,5.0
661,247753432583372800,247754117362222336,高龙,1,5.0
662,247796553769811968,247797136434136320,谢二涛,1,5.0
663,247574598860931072,247574891019371776,投资团队,1,5.0
664,247634040948260864,247633629688366336,jeep,0,5.0
665,247813838832140288,247814180122658048,韩文杰,1,5.0
666,247638970622803968,247638486222636288,币圈神教,0,5.0
667,247735860764868608,247736285756916992,陈锦涛,1,5.0
668,247769801844588544,247770324186432768,云俊小公会,1,5.0
669,247802716368404480,247803269353833728,郭利娟,1,5.0
670,247571523471409152,247570910054450432,大红包,0,5.0
671,247614624147701760,247614117752603904,币圈第一派,0,5.0
672,247636154348994560,244216404138788096,后宫三千佳丽,0,5.0
673,247571462259736576,247570910054450432,大红包,0,5.0
674,247796840895086592,247797072328393984,颜鑫,1,5.0
675,247813976128487424,247814231611933952,左海军,1,5.0
676,247769856529924096,247770409389524224,三国公会,1,5.0
677,247547089855447040,247546686690559232,超级公会111,0,5.0
678,247704423114211328,244321773200606464,超级币糖,0,5.0
679,247634382532378624,247633629688366336,jeep,0,5.0
680,247796752294608896,247797109414429952,张明阳,1,5.0
681,247753472622198784,247754144457426176,周帮全,1,5.0
682,247614569621749760,247614117752603904,币圈第一派,0,5.0
683,247813900329025536,247814205229761792,徐 飞,1,5.0
684,247582665413492736,247582305240220928,超级无敌公会1 2,0,5.0
685,247642329287229440,247642569939617024,sgawk,1,5.0
686,247614727033978880,244216404138788096,后宫三千佳丽,0,5.0
687,247740304713842688,247741495594190080,币市论坛,1,5.0
688,247774940135424000,247775243123557632,欧贵,1,5.0
689,247764979418398720,247765382298076416,徐健刚,1,5.0
690,248292061521117184,247072684410930432,寒冬,0,5.0
691,248305475660283904,247074453954233600,柳兆伦,0,5.0
692,247551183647145984,247551345354343680,投资会,1,5.0
693,248494103887872000,248494303436080384,空军团,1,5.0
694,249722566229622784,247092482415002880,的DY,0,5.0
695,240926011901083648,239557784142873856,BHEX Vietnam,0,5.0
696,249793529751273472,247131075724444928,海军公会,0,5.0
697,248479796697497600,248479208907736320,开飞机,0,5.0
698,248504439256907776,248504571251655936,不能形,1,5.0
699,248305396647985152,247074453954233600,柳兆伦,0,5.0
700,248392974755692544,248393150849352960,比比还是,1,5.0
701,249011883611521024,249012103535658240,最强公会,1,5.0
702,248505091286630400,248504571251655936,不能形,0,5.0
703,248478814643159040,248479208907736320,开飞机,1,5.0
704,249132581923323904,249132034516321536,神奇公户,0,5.0
705,249729998351761408,247092551696516352,DIY,0,5.0
706,248412558204338176,248412732267955456,大哥大,1,5.0
707,249785258827055104,247121465928058112,篮球会,0,5.0
708,249812936972042240,247131194012206336,onver,0,5.0
709,249012566066724864,249012103535658240,最强公会,0,5.0
710,248494767711977472,248494303436080384,空军团,0,5.0
711,249131858774982656,249132034516321536,神奇公户,1,5.0
712,249120260878499840,249121821948118272,集团军,1,5.0
713,241913270850813952,244964670396695808,ok超多狙,1,5.0
714,249722602686513152,247092482415002880,的DY,0,5.0
715,248424899549593600,248425086581998848,默默人生,1,5.0
716,248413102004240384,248412732267955456,大哥大,0,5.0
717,249722651155890176,247092482415002880,的DY,0,5.0
718,248494819863953408,248494303436080384,空军团,0,5.0
719,249759512393940992,247120198912705792,德蝶,0,5.0
720,248485362757009408,248484021628306688,而爱爱,0,5.0
721,249018754368012288,249018889760146688,超级大公会,1,5.0
722,248509397452718080,248508959676433664,明明会,0,5.0
723,248425680336060416,248425086581998848,默默人生,0,5.0
724,249122393967296512,249121821948118272,集团军,0,5.0
725,248499128060084224,248500219409597696,不得不服,1,5.0
726,249790875964801024,247131075724444928,海军公会,0,5.0
727,241925134750056448,241907791537898752,cocolonotomo Guild,0,5.0
728,249122445909557248,249121821948118272,集团军,0,5.0
729,249722520620761088,247092482415002880,的DY,0,5.0
730,249807664446701568,247131111686407424,黄芳,0,5.0
731,249012995370516480,249012103535658240,最强公会,0,5.0
732,248505153966309376,248504571251655936,不能形,0,5.0
733,249132499622690816,249132034516321536,神奇公户,0,5.0
734,248479862497738752,248479208907736320,开飞机,0,5.0
735,248412589602897920,247092332401526016,肖叶娣,0,5.0
736,248475051362615296,248475326928389376,大公会1211111,1,5.0
737,248415050216505344,248414550767174912,李士好好,0,5.0
738,248976959059787776,244020274868258048,币核之光,0,5.0
739,249125946458898432,249126277775361280,比特币博士会,1,5.0
740,248500698701103104,248500219409597696,不得不服,0,5.0
741,249785298035408896,247121465928058112,篮球会,0,5.0
742,249807599653093376,247131111686407424,黄芳,0,5.0
743,248418474974773248,248418641153099008,魔法书,1,5.0
744,248490133551316992,248489637943969024,kk腻烦,0,5.0
745,248514395083374592,248513869344146688,忍野忍,0,5.0
746,249717288973107200,247092411480933632,邓振涛,0,5.0
747,249790724332322816,247131075724444928,海军公会,0,5.0
748,248475758513881088,248475326928389376,大公会1211111,0,5.0
749,249726726123552768,247092551696516352,DIY,0,5.0
750,248500913071980544,248500219409597696,不得不服,0,5.0
751,249126623713165312,249126277775361280,比特币博士会,0,5.0
752,248413164818137088,248412732267955456,大哥大,0,5.0
753,249001991395868672,244216404138788096,后宫三千佳丽,0,5.0
754,249743776011255808,247114502947210496,陈金锐,0,5.0
755,249777658429440000,247120295977288960,海浪公会,0,5.0
756,249726648780587008,247092551696516352,DIY,0,5.0
757,249807552836272128,247131111686407424,黄芳,0,5.0
758,249759615733202944,247120198912705792,德蝶,0,5.0
759,248513487201107968,248513869344146688,忍野忍,1,5.0
760,248416419874865152,248416015023867136,司空,0,5.0
761,248489367344250880,248489637943969024,kk腻烦,1,5.0
762,248490218225926144,248489637943969024,kk腻烦,0,5.0
763,249739404237864960,247114575022130432,胡耀祖,0,5.0
764,249752292730077184,247120198912705792,德蝶,0,5.0
765,248419249721442304,248418641153099008,魔法书,0,5.0
766,249019236285153280,249018889760146688,超级大公会,0,5.0
767,248415116721389568,248414550767174912,李士好好,0,5.0
768,249717328584114176,247092411480933632,邓振涛,0,5.0
769,249733881488736256,247114654353196288,赛道公会,0,5.0
770,248483726408024064,248484021628306688,而爱爱,1,5.0
771,249793759154536448,247131075724444928,海军公会,0,5.0
772,249733761909129216,247114654353196288,赛道公会,0,5.0
773,248514452461453312,248513869344146688,忍野忍,0,5.0
774,248508722798919680,248508959676433664,明明会,1,5.0
775,249136118526902272,249136481787184384,币圈大军,1,5.0
776,248412631394942976,247092332401526016,肖叶娣,0,5.0
777,248416366993080320,248416015023867136,司空,0,5.0
778,248485467094515712,248484021628306688,而爱爱,0,5.0
779,249790779814576128,247131075724444928,海军公会,0,5.0
780,244319982559952896,244201533192013056,达摩院,0,5.0
781,248475824716775424,248475326928389376,大公会1211111,0,5.0
782,249007415922786304,244216404138788096,后宫三千佳丽,0,5.0
783,249672754163613696,255106833591829760,加QQ87215712 卖XXX,1,5.0
784,249126671645671424,249126277775361280,比特币博士会,0,5.0
785,249785332000882688,247121465928058112,篮球会,0,5.0
786,249733841374412800,247114654353196288,赛道公会,0,5.0
787,249019184108011520,249018889760146688,超级大公会,0,5.0
788,249790821673730048,247131075724444928,海军公会,0,5.0
789,248509458010079232,248508959676433664,明明会,0,5.0
790,249726612927676416,247092551696516352,DIY,0,5.0
791,249816279840718848,243626681297011968,BHEX第一工会,0,5.0
792,249807506053005312,247131111686407424,黄芳,0,5.0
793,249777606831112192,247120295977288960,海浪公会,0,5.0
794,249812793082249216,247131194012206336,onver,0,5.0
795,249752194063269888,247120118021358848,世荣聚会,0,5.0
796,249759652810850304,247120198912705792,德蝶,0,5.0
797,249824681358786560,247135793066542336,冯人全,0,5.0
798,249812896354402304,247131194012206336,onver,0,5.0
799,249815911446609920,243626681297011968,BHEX第一工会,0,5.0
800,249754804019265536,247120198912705792,德蝶,0,5.0
801,249812848044408832,247131194012206336,onver,0,5.0
802,249840283557298176,249839909341496576,三个臭皮匠,0,5.0
803,249844532806680576,249843909549884672,大V,0,5.0
804,249835909133107200,249835523341026560,神奇币圈,0,5.0
805,249848138347839488,249848345613567232,韭菜圈,1,5.0
806,249840345045794816,249839909341496576,三个臭皮匠,0,5.0
807,249844464674406400,249843909549884672,大V,0,5.0
808,249857266973671424,249857426407556352,共鸣,1,5.0
809,249824816516038656,247135793066542336,冯人全,0,5.0
810,249824774942097408,247135793066542336,冯人全,0,5.0
811,250508549279711232,250508154553763072,需担心,0,5.0
812,250548626533908480,250548176996795648,方便的,0,5.0
813,249183866257145856,240339635719636224,天玄宫之碧血剑,0,5.0
814,250499369525313536,250498924299945216,嗨翻天,0,5.0
815,250499468930318336,250498924299945216,嗨翻天,0,5.0
816,250498792120647680,250498924299945216,嗨翻天,1,5.0
817,250503434342760448,250503593768256768,sf真的粉色,1,5.0
818,249983391590776832,249983584545539328,sadaw给对方,1,5.0
819,249972762117144576,249972307513312512,是在打我,0,5.0
820,250490790026149888,250489552530310400,sf成本非常,0,5.0
821,249972682467311616,249972130488517888,爵士公会,0,5.0
822,249978624286130176,249977910491088128,收发文,0,5.0
823,250495795516932096,240373972909425920,彦杰瑞业创投,0,5.0
824,249972701811441664,249972307513312512,是在打我,0,5.0
825,250454833986011136,250454055296697600,撒大声地,0,5.0
826,249984352656818176,249983584545539328,sadaw给对方,0,5.0
827,250489430702555136,250489552530310400,sf成本非常,1,5.0
828,249984433590108160,249983584545539328,sadaw给对方,0,5.0
829,250504224172146688,250503593768256768,sf真的粉色,0,5.0
830,250504288110116864,250503593768256768,sf真的粉色,0,5.0
831,249984536115675136,249983584545539328,sadaw给对方,0,5.0
832,250508025939623936,250508154553763072,需担心,1,5.0
833,251203886835302400,247160544619136256,OENT,0,5.0
834,251203843399090176,247160544619136256,OENT,0,5.0
835,251212240756408320,251212489109538048,个二手,1,5.0
836,251213136626188288,251212489109538048,个二手,0,5.0
837,251203996809953280,247160544619136256,OENT,0,5.0
838,217316309808185344,233828205151388928,嘿嘿嘿,0,5.0
839,251203926505029632,247160544619136256,OENT,0,5.0
840,251213073048928256,251212489109538048,个二手,0,5.0
841,251220113465016320,251220493997442304,阿瓦打我的,1,5.0
842,251245574828064768,251245673075442944,粉色发,1,5.0
843,251221613130022912,251220493997442304,阿瓦打我的,0,5.0
844,251246067457458176,251245673075442944,粉色发,0,5.0
845,251258524003467264,251258107483915520,个红包吃饭,0,5.0
846,252497227896061952,247734204149007616,houzhang,0,5.0
847,252101247866503168,243388846333756672,15612060706,0,5.0
848,252078838539091968,243388846333756672,15612060706,0,5.0
849,244122054729924608,244103179665671424,大路节点,0,5.0
850,252683458575597568,249888741609702656,F公会,0,5.0
851,251194097749196800,247160460909217024,贺艳红,0,5.0
852,250548072709619712,250548176996795648,方便的,1,5.0
853,250548573526294528,250548176996795648,方便的,0,5.0
854,252820791530618880,239645778283595008,otokogumi-bhex,0,11.0
855,252159774370824192,246944446342759680,超级公会1,0,5.0
856,253407491160014848,253408195173942528,VC21,1,5.0
857,243905950908678144,243906833264411904,walker,1,5.0
858,252497180986966016,247734204149007616,houzhang,0,5.0
859,244314928213917696,244321773200606464,超级币糖,1,5.0
860,245726708500791296,244201533192013056,达摩院,0,5.0
861,252497296405823488,247734204149007616,houzhang,0,5.0
862,252497130319773696,247734204149007616,houzhang,0,5.0
863,253369354065018880,241710272803505408,868686,0,5.0
864,241907240674787328,241907791537898752,cocolonotomo Guild,1,11.0
865,251258473696985088,251258107483915520,个红包吃饭,0,5.0
866,1001025013,235295073712211200,希游财经,1,5.0
867,1001025036,243893961297757440,奔跑财经,1,5.0
868,244461651016024064,244208163958818048,熊猫军团,0,5.0
869,244935260373254144,244575744196609280,来聚丰,0,5.0
870,245041997440876544,244224570247349504,恒隆广场,0,5.0
871,246997799240204288,246997211081344256,抱团取暖,0,5.0
872,246771563784044544,244216404138788096,后宫三千佳丽,0,5.0
873,247047922926223360,247048345485575424,自己的公会,1,5.0
874,247052953398280192,247053320819311872,争霸币圈,1,5.0
875,247054013626056704,247053386393060608,施华文的公会,0,5.0
876,247070591419678720,247072903387153664,HOPE,1,5.0
877,247070526500241408,247072684410930432,寒冬,1,5.0
878,247074219014488064,247074639233418496,浩泽,1,5.0
879,247074168498290688,247074453954233600,柳兆伦,1,5.0
880,247080268970852352,247080750082688256,抱团取暖吧,1,5.0
881,247092064628768768,247092411480933632,邓振涛,1,5.0
882,247080197785124864,247080760098686208,丁永芳,1,5.0
883,247121314127806464,247121465928058112,篮球会,1,5.0
884,247114209538867200,247114556206482688,陈增秀,1,5.0
885,247129098957357056,247131075724444928,海军公会,1,5.0
886,247118609875468288,247120295977288960,海浪公会,1,5.0
887,247129188061151232,247131194012206336,onver,1,5.0
888,247118579206717440,247120198912705792,德蝶,1,5.0
889,247118546524700672,247120118021358848,世荣聚会,1,5.0
890,247129143878352896,247131111686407424,黄芳,1,5.0
891,247129245254680576,247131299314402560,bikankan,1,5.0
892,247135338395598848,247135642012878080,陈长发,1,5.0
893,247144514593226752,247145041683023104,邓瑞亮,1,5.0
894,247135238134956032,247135768622138624,单雪平,1,5.0
895,247144566938140672,247145066160981248,邓亮国,1,5.0
896,247160042250567680,247160618464052480,FTD,1,5.0
897,247164349230350336,247164782258685184,江勇,1,5.0
898,247144677533548544,247144917808448768,仇仁峰,1,5.0
899,247160303606038528,247160544619136256,OENT,1,5.0
900,247164384437338112,247164735047599360,寒冬春晓,1,5.0
901,247164140790218752,247164876471141632,OVER,1,5.0
902,247144617882157056,247145163468834048,冯安容,1,5.0
903,247160266889101312,247160460909217024,贺艳红,1,5.0
904,247164313335496704,247164815217526016,dsg4,1,5.0
905,247181284110237696,247181611056235776,凤甫荣,1,5.0
906,247185588170784768,247186054820660480,币圈大咖,1,5.0
907,247185536866058240,247185961052800256,比特币之家,1,5.0
908,247185428434911232,247185740465964288,侠荣,1,5.0
909,247190715900362752,247191140045161728,何耿鑫,1,5.0
910,247190663068909568,247191033560171776,光亮GOD,1,5.0
911,247167657009479680,236067888744891648,BHEXVietnam,0,5.0
912,247529261773357056,247529848900420864,郑凯朋,1,5.0
913,247185482893754368,247185841582245120,GOD,1,5.0
914,247390709886484480,247393892675355904,BTC俱乐部,1,5.0
915,247390753960230912,247394086460589312,数字潮人,1,5.0
916,247541407873761280,247541623175775488,牛牛公会,1,5.0
917,247458500735926272,247734346914727168,兴辉公会,1,5.0
918,247458427293663232,247734257995482368,颜远辉,1,5.0
919,247647406626439168,244216404138788096,后宫三千佳丽,0,5.0
920,247779054219165696,247779515508720896,耿朝源,1,5.0
921,247762878801903616,247763211460543744,杜海龙,1,5.0
922,247530325062975488,247530604923716864,终极大牛市,1,5.0
923,247458380527173632,247734232879990016,王汪清,1,5.0
924,247529342186553344,247529745502438656,changou9671,1,5.0
925,247644097874231296,244216404138788096,后宫三千佳丽,0,5.0
926,247458329432162304,247734204149007616,houzhang,1,5.0
927,247529300855881728,247529822694409472,张月,1,5.0
928,247556542902304768,247556144208545024,投资之道,0,5.0
929,247587147547410432,247586585477121280,创世大会,0,5.0
930,247542116610473984,247541623175775488,牛牛公会,0,5.0
931,247575293731274752,247574891019371776,投资团队,0,5.0
932,247802754075197440,247803234163623168,深圳赢通科技,1,5.0
933,247547582862327808,247548007661438208,杨欢的公会,1,5.0
934,247555851211243520,247556144208545024,投资之道,1,5.0
935,247547626650861568,247547928967906560,袁志伏,1,5.0
936,247764930076606464,247765356712822016,耿远,1,5.0
937,247779007964381184,247779490309342464,币市大佬公会,1,5.0
938,247531030335193088,247530604923716864,终极大牛市,0,5.0
939,247587077309595648,247586585477121280,创世大会,0,5.0
940,247581985533591552,247582305240220928,超级无敌公会1 2,1,5.0
941,247530976144785408,247530604923716864,终极大牛市,0,5.0
942,247575360236158976,247574891019371776,投资团队,0,5.0
943,247551801006751744,247551345354343680,投资会,0,5.0
944,247542056774533120,247541623175775488,牛牛公会,0,5.0
945,247547681201979392,247547882922837248,梦杰,1,5.0
946,247765144673976320,247765432025744640,李广,1,5.0
947,247560494381268992,247561299511477504,币圈大帮,1,5.0
948,247762680931418112,247763137254917376,TNT,1,5.0
949,247639703166386176,244216404138788096,后宫三千佳丽,0,5.0
950,247540922332741632,247541689194120448,庆君,1,5.0
951,247582715409596416,247582305240220928,超级无敌公会1 2,0,5.0
952,247540827264647168,247541634835940608,荣誉公会,1,5.0
953,247765042551062528,247765409737213184,李宝,1,5.0
954,247753322264788992,247753747969869056,杜飞雪,1,5.0
955,247551741237919744,247551345354343680,投资会,0,5.0
956,247541426446139392,247541773851952384,BABY,1,5.0
957,247546489558269952,247546686690559232,超级公会111,1,5.0
958,247547516676210688,247548190398874880,币市超级公会,1,5.0
959,247547149397786624,247546686690559232,超级公会111,0,5.0
960,247735730489786368,247736381487711488,燕明,1,5.0
961,248305884428763136,247074565052957952,su600c,0,5.0
962,248312918184296448,248313169599268096,虚拟货币,1,5.0
963,248318430011457536,247080898099676416,热点公会,0,5.0
964,248305517024509952,247074565052957952,su600c,0,5.0
965,248317528110268416,248317777788798208,币圈投资,1,5.0
966,248314023358234624,248313169599268096,虚拟货币,0,5.0
967,248319257883181056,247080898099676416,热点公会,0,5.0
968,248314813162455040,247074639233418496,浩泽,0,5.0
969,248314850869248000,247074639233418496,浩泽,0,5.0
970,248318330933608448,248317777788798208,币圈投资,0,5.0
971,248313668050354176,248313169599268096,虚拟货币,0,5.0
972,248330462077124608,248329759086609664,斌哥88,0,5.0
973,248318490434600960,247080898099676416,热点公会,0,5.0
974,248332377984860160,247080760098686208,丁永芳,0,5.0
975,248318381474971648,248317777788798208,币圈投资,0,5.0
976,248318358506962944,247080898099676416,热点公会,0,5.0
977,248336577590460416,248336934458623232,BTC军团,1,5.0
978,248314894775222272,247074639233418496,浩泽,0,5.0
979,248332890109378560,248332491818272000,超级王国,0,5.0
980,248332296455979008,247080825739543808,借力,0,5.0
981,248332962083635200,248332491818272000,超级王国,0,5.0
982,248337157142609920,248337517559153920,焦旭,1,5.0
983,248324293270962176,247080898099676416,热点公会,0,5.0
984,248342745457098752,248342926273545472,虚拟人生,1,5.0
985,248330546500075520,248329759086609664,斌哥88,0,5.0
986,248324605377511424,247080898099676416,热点公会,0,5.0
987,248337666146566144,248336934458623232,BTC军团,0,5.0
988,248332256199049216,247080825739543808,借力,0,5.0
989,248365198078115840,248365438101357824,维鑫团队,1,5.0
990,248329379107831808,248329759086609664,斌哥88,1,5.0
991,248337618230837248,248336934458623232,BTC军团,0,5.0
992,248347584501121024,248349111169058048,游戏人生,1,5.0
993,248366059143561216,248365438101357824,维鑫团队,0,5.0
994,248324451983425536,247080898099676416,热点公会,0,5.0
995,248358653059661824,248358052586325248,喊人家,0,5.0
996,248350004589363200,248349111169058048,游戏人生,0,5.0
997,248376342662610944,248376523814601984,那么多,1,5.0
998,248381312652804096,248381713863148800,是中大V,1,5.0
999,248366153372794880,248365438101357824,维鑫团队,0,5.0
1000,248324405342765056,247080898099676416,热点公会,0,5.0
1001,248343432475705344,248342926273545472,虚拟人生,0,5.0
1002,248350071052304384,248349111169058048,游戏人生,0,5.0
1003,248371597260619776,248370848711574784,虚拟哈哈,0,5.0
1004,248377595635433472,248376523814601984,那么多,0,5.0
1005,248357756090974208,248358052586325248,喊人家,1,5.0
1006,248382470070992896,248381713863148800,是中大V,0,5.0
1007,248386103940481024,248386350641054976,迷你资产,1,5.0
1008,248393582107688960,248393150849352960,比比还是,0,5.0
1009,248370602237493248,248370848711574784,虚拟哈哈,1,5.0
1010,248392042571628544,248392313724994816,投资圈,1,5.0
1011,248377664212303872,248376523814601984,那么多,0,5.0
1012,248386788341841920,248386350641054976,迷你资产,0,5.0
1013,248382603676352512,248381713863148800,是中大V,0,5.0
1014,248396993863614464,248397228090328320,大公会,1,5.0
1015,248388282000605184,248387937799243008,币圈第一大帮,0,5.0
1016,248400783224340480,248401039068497152,顶级投资圈,1,5.0
1017,248392683687772160,248392313724994816,投资圈,0,5.0
1018,248386857195536384,248386350641054976,迷你资产,0,5.0
1019,248397832825077760,248397228090328320,大公会,0,5.0
1020,248406523095810048,247080750082688256,抱团取暖吧,0,5.0
1021,248388342138535936,248387937799243008,币圈第一大帮,0,5.0
1022,248392771222896640,248392313724994816,投资圈,0,5.0
1023,248400798768431104,248400091625555200,霞姐工会,0,5.0
1024,248401477390041088,248401039068497152,顶级投资圈,0,5.0
1025,248405378822569984,248404833193952512,天地公会,0,5.0
1026,248409124956798976,248409353118549248,实益达,1,5.0
1027,248405670184091648,248405161079473408,梦工厂,0,5.0
1028,248400702978916352,248400091625555200,霞姐工会,0,5.0
1029,248409788537634816,248409353118549248,实益达,0,5.0
1030,248406572144001024,247080750082688256,抱团取暖吧,0,5.0
1031,249739368250736640,247114556206482688,陈增秀,0,5.0
1032,248519212660948992,248513869344146688,忍野忍,0,5.0
1033,249759547827421184,247120198912705792,德蝶,0,5.0
1034,248406407450460160,247080750082688256,抱团取暖吧,0,5.0
1035,248409737132244992,248409353118549248,实益达,0,5.0
1036,248414364170977280,248414550767174912,李士好好,1,5.0
1037,248412672574619648,247092332401526016,肖叶娣,0,5.0
1038,248393671026933760,248393150849352960,比比还是,0,5.0
1039,248397772880084992,248397228090328320,大公会,0,5.0
1040,248401548139560960,248401039068497152,顶级投资圈,0,5.0
1041,248406464610435072,247080750082688256,抱团取暖吧,0,5.0
1042,248411045042061312,248410574860584192,BBT工会,0,5.0
1043,248404946389827584,248405161079473408,梦工厂,1,5.0
1044,248419310782119936,248418641153099008,魔法书,0,5.0
1045,248405330999115776,248404833193952512,天地公会,0,5.0
1046,248411120187211776,248410574860584192,BBT工会,0,5.0
1047,248412543381667840,247092332401526016,肖叶娣,0,5.0
1048,249748196019142656,247120118021358848,世荣聚会,0,5.0
1049,249730032954769408,247092551696516352,DIY,0,5.0
1050,248425612925206528,248425086581998848,默默人生,0,5.0
1051,249748231830110208,247120118021358848,世荣聚会,0,5.0
1052,248415761318805504,248416015023867136,司空,1,5.0
1053,249739323614953472,247114556206482688,陈增秀,0,5.0
1054,249785045949349888,247121465928058112,篮球会,0,5.0
1055,249733796671520768,247114654353196288,赛道公会,0,5.0
1056,249743650979053568,247114502947210496,陈金锐,0,5.0
1057,249752227282157568,247120118021358848,世荣聚会,0,5.0
1058,249777813316698112,247120295977288960,海浪公会,0,5.0
1059,249730002512510976,247092551696516352,DIY,0,5.0
1060,249743686882295808,247114502947210496,陈金锐,0,5.0
1061,249748271424339968,247120118021358848,世荣聚会,0,5.0
1062,249777710732410880,247120295977288960,海浪公会,0,5.0
1063,249739444729675776,247114575022130432,胡耀祖,0,5.0
1064,249743723674730496,247114502947210496,陈金锐,0,5.0
1065,249748159595806720,247120118021358848,世荣聚会,0,5.0
1066,249817898397466624,247131299314402560,bikankan,0,5.0
1067,249831542963306496,247135768622138624,单雪平,0,5.0
1068,249835321494339584,249835523341026560,神奇币圈,1,5.0
1069,249839766508666880,249839909341496576,三个臭皮匠,1,5.0
1070,249831513099862016,247135768622138624,单雪平,0,5.0
1071,249843647464603648,249843909549884672,大V,1,5.0
1072,249835851343986688,249835523341026560,神奇币圈,0,5.0
1073,249817944266375168,247131299314402560,bikankan,0,5.0
1074,249831439808593920,247135768622138624,单雪平,0,5.0
1075,249853296528064512,249853459384501504,独立投资,1,5.0
1076,249831388604530688,247135768622138624,单雪平,0,5.0
1077,249853752029478912,249853459384501504,独立投资,0,5.0
1078,249872308150468608,249872851639993600,熊市屯币ING,1,5.0
1079,249824739240181760,247135793066542336,冯人全,0,5.0
1080,249848778985832448,249848345613567232,韭菜圈,0,5.0
1081,249853799274119168,249853459384501504,独立投资,0,5.0
1082,249859255451254784,249835523341026560,神奇币圈,0,5.0
1083,249882808095604736,249882367198758144,大大的币圈,0,5.0
1084,249873461139472384,249872851639993600,熊市屯币ING,0,5.0
1085,249886873726746624,249887072285099264,挂号77,1,5.0
1086,249888456170536960,249888741609702656,F公会,1,5.0
1087,249895430845104128,249895640392533248,创世公会123,1,5.0
1088,249858208611696640,249835523341026560,神奇币圈,0,5.0
1089,249881980156772352,249882367198758144,大大的币圈,1,5.0
1090,249896647033880576,247135768622138624,单雪平,0,5.0
1091,249848866286075904,249848345613567232,韭菜圈,0,5.0
1092,249882920335179776,249882367198758144,大大的币圈,0,5.0
1093,249897054485348352,249897256818574592,，vnx问问群,1,5.0
1094,249889256879947776,249888741609702656,F公会,0,5.0
1095,249887767700701184,249887072285099264,挂号77,0,5.0
1096,249896592759586816,247135768622138624,单雪平,0,5.0
1097,249896188252520448,249895640392533248,创世公会123,0,5.0
1098,249925632744751104,249925838022378752,需改动过,1,5.0
1099,249921074761039872,249897256818574592,，vnx问问群,0,5.0
1100,249904523995512832,247135718063998208,永龙公会,0,5.0
1101,249889204518256640,249888741609702656,F公会,0,5.0
1102,249932390607355904,249932546425750784,梵蒂冈,1,5.0
1103,249896477768548352,247135768622138624,单雪平,0,5.0
1104,249936615991148544,249936761038570752,的想法色鬼,1,5.0
1105,249926220794560512,249925838022378752,需改动过,0,5.0
1106,249941104911450112,249941271635035392,规定如果,1,5.0
1107,249932037052694528,249931417461720320,客户卡,0,5.0
1108,249887679679037440,249887072285099264,挂号77,0,5.0
1109,249904568471912448,247135718063998208,永龙公会,0,5.0
1110,249921156424138752,249897256818574592,，vnx问问群,0,5.0
1111,249939609784680448,249938837017724160,天地之间,0,5.0
1112,249896522513383424,247135768622138624,单雪平,0,5.0
1113,249932939952128000,249932546425750784,梵蒂冈,0,5.0
1114,249937178883522560,249936761038570752,的想法色鬼,0,5.0
1115,249926702795587584,249925838022378752,需改动过,0,5.0
1116,249939695298150400,249938837017724160,天地之间,0,5.0
1117,249950855443513344,249951020044780800,婢女给你,1,5.0
1118,249933982849040384,249932546425750784,梵蒂冈,0,5.0
1119,249945677097074688,249945870127334656,cv初中生,1,5.0
1120,249954158441136128,249954650860815616,大课间,1,5.0
1121,249941785521160192,249941271635035392,规定如果,0,5.0
1122,249937244717318144,249936761038570752,的想法色鬼,0,5.0
1123,249951515358527488,249951020044780800,婢女给你,0,5.0
1124,249941719821582336,249941271635035392,规定如果,0,5.0
1125,249946425595789312,249945870127334656,cv初中生,0,5.0
1126,249958521347768320,249958755985523968,超级无敌人,1,5.0
1127,249938444346982400,249938837017724160,天地之间,1,5.0
1128,249956276237500416,249956625941792000,vnfcvnf电风扇,1,5.0
1129,249947784332181504,249948207193523456,大城堡,1,5.0
1130,249962668281298944,249963045600888064,五十年,1,5.0
1131,249963716588863488,249963863238509824,东方闪电,1,5.0
1132,249959058159960064,249958755985523968,超级无敌人,0,5.0
1133,249946326081732608,249945870127334656,cv初中生,0,5.0
1134,249967862498983936,249967961492948224,大型各色,1,5.0
1135,249948842437640192,249948207193523456,大城堡,0,5.0
1136,249968165545836544,249967889124427008,武当会,0,5.0
1137,249959111628947456,249958755985523968,超级无敌人,0,5.0
1138,249951630022410240,249951020044780800,婢女给你,0,5.0
1139,249963772574433280,249963045600888064,五十年,0,5.0
1140,249964308925251584,249963863238509824,东方闪电,0,5.0
1141,250583367391903744,250583457502332160,手动阀,1,5.0
1142,249957536625852416,249956625941792000,vnfcvnf电风扇,0,5.0
1143,249967656223113216,249967889124427008,武当会,1,5.0
1144,249968460287967232,249967961492948224,大型各色,0,5.0
1145,249954969703415808,249954650860815616,大课间,0,5.0
1146,250339712840237056,247135642012878080,陈长发,0,5.0
1147,250646625339572224,250646722739700992,v不吃饭,1,5.0
1148,249972616306360320,249972130488517888,爵士公会,0,5.0
1149,250522725985288192,250522832830989568,正式发放,1,5.0
1150,250552536262770688,250552097907672320,vcbd法国大人,0,5.0
1151,249963725254295552,249963045600888064,五十年,0,5.0
1152,250728649031155712,250727081099658496,的粉色发,0,5.0
1153,250617342806196224,250616900474897664,萨达我,0,5.0
1154,249964469147664384,249963863238509824,东方闪电,0,5.0
1155,250453904729571328,250454055296697600,撒大声地,1,5.0
1156,249968222194106368,249967889124427008,武当会,0,5.0
1157,250532832806699008,250532294501336320,电费,0,5.0
1158,249968518639124480,249967961492948224,大型各色,0,5.0
1159,250649513562472448,250646722739700992,v不吃饭,0,5.0
1160,250571065632489472,250571174768280832,sevdfb程序,1,5.0
1161,250630946318188544,250631352234542336,爆发好高,1,5.0
1162,250737105914036224,250736580602627328,的GV是的,0,5.0
1163,250592836435836928,250591562650879232,大法师,0,5.0
1164,250661390472445952,250661494323414272,孤男寡女,1,5.0
1165,250616673051344896,250616900474897664,萨达我,1,5.0
1166,250551964327477248,250552097907672320,vcbd法国大人,1,5.0
1167,249976570654228480,249835523341026560,神奇币圈,0,5.0
1168,249955034882899968,249954650860815616,大课间,0,5.0
1169,250508625951588352,250508154553763072,需担心,0,5.0
1170,250583883593285632,250583457502332160,手动阀,0,5.0
1171,249971603994312704,249972130488517888,爵士公会,1,5.0
1172,250490919714029568,250489552530310400,sf成本非常,0,5.0
1173,250539852821692416,250539373790233856,drttgdr电费,0,5.0
1174,250728578977890304,250727081099658496,的粉色发,0,5.0
1175,250598234211483648,250598666526786816,vdv按时,1,5.0
1176,250647527031046144,250646722739700992,v不吃饭,0,5.0
1177,250571681373093888,250571174768280832,sevdfb程序,0,5.0
1178,249977567539625984,249977910491088128,收发文,1,5.0
1179,249976626723684352,249835523341026560,神奇币圈,0,5.0
1180,250631884105842688,250631352234542336,爆发好高,0,5.0
1181,249972144992419840,249972307513312512,是在打我,1,5.0
1182,250661974260842496,250661494323414272,孤男寡女,0,5.0
1183,250592893377708032,250591562650879232,大法师,0,5.0
1184,249978539921899520,249977910491088128,收发文,0,5.0
1185,250737407023120384,250736580602627328,的GV是的,0,5.0
1186,250539261441605632,250539373790233856,drttgdr电费,1,5.0
1187,250598964716634112,250598666526786816,vdv按时,0,5.0
1188,250575347756826624,250575453864330496,撒给人打工,1,5.0
1189,250571621797199872,250571174768280832,sevdfb程序,0,5.0
1190,250713947576205312,249835523341026560,神奇币圈,0,5.0
1191,250635929503662080,250636035091072256,发给,1,5.0
1192,250558936728731648,250559260285732096,不规范干部,1,5.0
1193,250631815705133056,250631352234542336,爆发好高,0,5.0
1194,250523446138896384,250522832830989568,正式发放,0,5.0
1195,250661907898564608,250661494323414272,孤男寡女,0,5.0
1196,250656081456660480,250654730412623104,给你发给你,0,5.0
1197,250588174064287744,250587773046883584,爱上大V,0,5.0
1198,250621289126166528,250621380771710208,得分,1,5.0
1199,250604418805006336,250603825990468864,多子多福,0,5.0
1200,250539939106914304,250539373790233856,drttgdr电费,0,5.0
1201,250717533899063296,249872851639993600,熊市屯币ING,0,5.0
1202,250532682751279104,250532294501336320,电费,0,5.0
1203,250636656133275648,250636035091072256,发给,0,5.0
1204,250575996942811136,250575453864330496,撒给人打工,0,5.0
1205,250591459772989440,250591562650879232,大法师,1,5.0
1206,250559986663686144,250559260285732096,不规范干部,0,5.0
1207,250733338355302400,250732917331068160,大V是的,0,5.0
1208,250736450965078016,250736580602627328,的GV是的,1,5.0
1209,250621907811172352,250621380771710208,得分,0,5.0
1210,250523330392883200,250522832830989568,正式发放,0,5.0
1211,250552601693913088,250552097907672320,vcbd法国大人,0,5.0
1212,250543297452572672,250543387579778304,fgd这是地方挖,1,5.0
1213,250587667300089856,250587773046883584,爱上大V,1,5.0
1214,250607987847331840,250608076019991808,非常大方,1,5.0
1215,250579845569052672,250579445617001728,强无敌,0,5.0
1216,250575849596911616,250575453864330496,撒给人打工,0,5.0
1217,250640365332463616,250639907767452928,方式V型的,0,5.0
1218,250666020883398656,250665638471927040,十大后天发货,0,5.0
1219,250636579192963072,250636035091072256,发给,0,5.0
1220,250603688778006528,250603825990468864,多子多福,1,5.0
1221,250717468627304448,249872851639993600,熊市屯币ING,0,5.0
1222,250532198149783552,250532294501336320,电费,1,5.0
1223,250579896571789312,250579445617001728,强无敌,0,5.0
1224,250588255215681536,250587773046883584,爱上大V,0,5.0
1225,250559704076648448,250559260285732096,不规范干部,0,5.0
1226,250621825527316480,250621380771710208,得分,0,5.0
1227,250608458473406464,250608076019991808,非常大方,0,5.0
1228,250656375242489856,250654730412623104,给你发给你,0,5.0
1229,250543796650246144,250543387579778304,fgd这是地方挖,0,5.0
1230,250733441140916224,250732917331068160,大V是的,0,5.0
1231,250666090206855168,250665638471927040,十大后天发货,0,5.0
1232,250639819796119552,250639907767452928,方式V型的,1,5.0
1233,250604545347158016,250603825990468864,多子多福,0,5.0
1234,250739199064670208,250736580602627328,的GV是的,0,5.0
1235,250617402885406720,250616900474897664,萨达我,0,5.0
1236,250579347738722304,250579445617001728,强无敌,1,5.0
1237,250732804286185472,250732917331068160,大V是的,1,5.0
1238,250654660971724800,250654730412623104,给你发给你,1,5.0
1239,251176207415246848,247145041683023104,邓瑞亮,0,5.0
1240,250665463619780608,250665638471927040,十大后天发货,1,5.0
1241,251194478868824064,247160460909217024,贺艳红,0,5.0
1242,250640502175825920,250639907767452928,方式V型的,0,5.0
1243,251176246170615808,247145041683023104,邓瑞亮,0,5.0
1244,251176329385607168,247145041683023104,邓瑞亮,0,5.0
1245,251181003744477184,247145066160981248,邓亮国,0,5.0
1246,251253580127010816,251253685110441216,表面上分,1,5.0
1247,251257829158289408,251258107483915520,个红包吃饭,1,5.0
1248,251176285529964544,247145041683023104,邓瑞亮,0,5.0
1249,251194159145418752,247160460909217024,贺艳红,0,5.0
1250,251254008994594816,251253685110441216,表面上分,0,5.0
1251,251188140981878784,247144917808448768,仇仁峰,0,5.0
1252,251262166831988736,251262258402034944,幸福感线,1,5.0
1253,251246359750115328,251245673075442944,粉色发,0,5.0
1254,251266495194333184,251266004997637376,粉色发asa,0,5.0
1255,251262663580188672,251262258402034944,幸福感线,0,5.0
1256,251254102988947456,251253685110441216,表面上分,0,5.0
1257,251270044984803328,251269332741653760,这是发涩发,0,5.0
1258,251276312306778112,251276396587123968,分手的发,1,5.0
1259,251265889763328000,251266004997637376,粉色发asa,1,5.0
1260,251184270050328576,247145163468834048,冯安容,0,5.0
1261,251262715983822848,251262258402034944,幸福感线,0,5.0
1262,251269261799194624,251269332741653760,这是发涩发,1,5.0
1263,251276905414918144,251276396587123968,分手的发,0,5.0
1264,251280490026500096,251280058877216000,发顺丰,0,5.0
1265,251292513351237632,251292084022281472,如果他的人,0,5.0
1266,251270116992614400,251269332741653760,这是发涩发,0,5.0
1267,251266415041183744,251266004997637376,粉色发asa,0,5.0
1268,251280612558897152,251280058877216000,发顺丰,0,5.0
1269,251296102215843840,251295581627221248,胡椒粉,0,5.0
1270,251276793015959552,251276396587123968,分手的发,0,5.0
1271,251303545075400704,240373972909425920,彦杰瑞业创投,0,107.0
1272,251296027397849088,251295581627221248,胡椒粉,0,5.0
1273,251279938903343104,251280058877216000,发顺丰,1,5.0
1274,251285431310876672,251284966766544128,那后果很难,0,5.0
1275,251288787894927360,251288447913035008,发生多次v,0,5.0
1276,251300235752767488,251300330762142976,为哇大师,1,5.0
1277,251285323584372736,251284966766544128,那后果很难,0,5.0
1278,251292430555676672,251292084022281472,如果他的人,0,5.0
1279,251181046551543808,247145066160981248,邓亮国,0,5.0
1280,251288838276907008,251288447913035008,发生多次v,0,5.0
1281,251304530460016640,251304673536115968,梵蒂冈她的,1,5.0
1282,251344655495725056,247164782258685184,江勇,0,5.0
1283,251396580475928576,247185961052800256,比特币之家,0,5.0
1284,251373318119358464,247181531171521792,陈德光,0,5.0
1285,251300769419231232,251300330762142976,为哇大师,0,5.0
1286,251291855894085632,251292084022281472,如果他的人,1,5.0
1287,251446634066739200,247394086460589312,数字潮人,0,5.0
1288,251288365931167744,251288447913035008,发生多次v,1,5.0
1289,251416488597258240,247190967944480000,陈小三,0,5.0
1290,251336765967958016,247160618464052480,FTD,0,5.0
1291,251357884800303104,247164876471141632,OVER,0,5.0
1292,251384206255718400,247181611056235776,凤甫荣,0,5.0
1293,251406153001730048,247185740465964288,侠荣,0,5.0
1294,251422651883716608,247191140045161728,何耿鑫,0,5.0
1295,251194200895520768,247160460909217024,贺艳红,0,5.0
1296,251336731415281664,247160618464052480,FTD,0,5.0
1297,251188178856443904,247144917808448768,仇仁峰,0,5.0
1298,251384267425447936,247181611056235776,凤甫荣,0,5.0
1299,251357848091754496,247164876471141632,OVER,0,5.0
1300,251406200934236160,247185740465964288,侠荣,0,5.0
1301,251367784657977344,247181497130550528,ROSE,0,5.0
1302,251339958537945088,247164735047599360,寒冬春晓,0,5.0
1303,251422698029449216,247191140045161728,何耿鑫,0,5.0
1304,251336693523939328,247160618464052480,FTD,0,5.0
1305,251409669170659328,247190936847910144,林中币,0,5.0
1306,251443153566171136,247393892675355904,BTC俱乐部,0,5.0
1307,251391387281653760,247186054820660480,币圈大咖,0,5.0
1308,251357956573233152,247164876471141632,OVER,0,5.0
1309,251384135850131456,247181611056235776,凤甫荣,0,5.0
1310,251422580496662528,247191140045161728,何耿鑫,0,5.0
1311,251406076774449152,247185740465964288,侠荣,0,5.0
1312,251336809026682880,247160618464052480,FTD,0,5.0
1313,251508475128184832,243312455214957824,链一财经,0,944.0
1314,251339914908794880,247164735047599360,寒冬春晓,0,5.0
1315,251344014882897920,247164782258685184,江勇,0,5.0
1316,251305251209216000,251304673536115968,梵蒂冈她的,0,5.0
1317,251373418136731648,247181531171521792,陈德光,0,5.0
1318,251367741951574016,247181497130550528,ROSE,0,5.0
1319,251396648666923008,247185961052800256,比特币之家,0,5.0
1320,251357919772409856,247164876471141632,OVER,0,5.0
1321,251384170402807808,247181611056235776,凤甫荣,0,5.0
1322,251391422790631424,247186054820660480,币圈大咖,0,5.0
1323,251416572667887616,247190967944480000,陈小三,0,5.0
1324,251406118558105600,247185740465964288,侠荣,0,5.0
1325,251422618908098560,247191140045161728,何耿鑫,0,5.0
1326,251409601592033280,247190936847910144,林中币,0,5.0
1327,251443114903076864,247393892675355904,BTC俱乐部,0,5.0
1328,251339833455411200,247164735047599360,寒冬春晓,0,5.0
1329,251367670111535104,247181497130550528,ROSE,0,5.0
1330,251446706049384448,247394086460589312,数字潮人,0,5.0
1331,251333022232870912,247160544619136256,OENT,0,5.0
1332,251391494924271616,247186054820660480,币圈大咖,0,5.0
1333,251400783428583424,247185841582245120,GOD,0,5.0
1334,251419782057033728,247191033560171776,光亮GOD,0,5.0
1335,251349784743641088,247164815217526016,dsg4,0,5.0
1336,251380807963508736,247181578768483584,D6T,0,5.0
1337,251857295653470208,251926235851261184,万向公会,1,5.0
1338,251409634760589312,247190936847910144,林中币,0,5.0
1339,251443041595031552,247393892675355904,BTC俱乐部,0,5.0
1340,251344180876673024,247164782258685184,江勇,0,5.0
1341,251373339711635456,247181531171521792,陈德光,0,5.0
1342,251332987193655296,247160544619136256,OENT,0,5.0
1343,251396687128690688,247185961052800256,比特币之家,0,5.0
1344,251416611758800896,247190967944480000,陈小三,0,5.0
1345,251349825176731648,247164815217526016,dsg4,0,5.0
1346,251446762353721344,247394086460589312,数字潮人,0,5.0
1347,251400818425856000,247185841582245120,GOD,0,5.0
1348,251380773175951360,247181578768483584,D6T,0,5.0
1349,251419831499489280,247191033560171776,光亮GOD,0,5.0
1350,251305065678372864,251304673536115968,梵蒂冈她的,0,5.0
1351,251373375950422016,247181531171521792,陈德光,0,5.0
1352,251391454935777280,247186054820660480,币圈大咖,0,5.0
1353,251367706249658368,247181497130550528,ROSE,0,5.0
1354,251339873225801728,247164735047599360,寒冬春晓,0,5.0
1355,251343981823393792,247164782258685184,江勇,0,5.0
1356,251396614978273280,247185961052800256,比特币之家,0,5.0
1357,251332939177263104,247160544619136256,OENT,0,5.0
1358,251416524617940992,247190967944480000,陈小三,0,5.0
1359,251409559397335040,247190936847910144,林中币,0,5.0
1360,251446669164675072,247394086460589312,数字潮人,0,5.0
1361,251349651197001728,247164815217526016,dsg4,0,5.0
1362,251400717527678976,247185841582245120,GOD,0,5.0
1363,251443079696089088,247393892675355904,BTC俱乐部,0,5.0
1364,251419716248403968,247191033560171776,光亮GOD,0,5.0
1365,251380877454737408,247181578768483584,D6T,0,5.0
1366,251333060761747456,247160544619136256,OENT,0,5.0
1367,251349699934814208,247164815217526016,dsg4,0,5.0
1368,251400751795142656,247185841582245120,GOD,0,5.0
1369,251380842046423040,247181578768483584,D6T,0,5.0
1370,251419749727338496,247191033560171776,光亮GOD,0,5.0
1371,247080154986446848,247080825739543808,借力,1,5.0
1372,247092189384146944,247092551696516352,DIY,1,5.0
1373,247080108488392704,247080898099676416,热点公会,1,5.0
1374,247114171806908416,247114502947210496,陈金锐,1,5.0
1375,247092110397014016,247092482415002880,的DY,1,5.0
1376,247092033364426752,247092332401526016,肖叶娣,1,5.0
1377,247114276077305856,247114654353196288,赛道公会,1,5.0
1378,247135194161872896,247135793066542336,冯人全,1,5.0
1379,247135280514203648,247135718063998208,永龙公会,1,5.0
1380,247181191961378816,247181531171521792,陈德光,1,5.0
1381,247181236605550592,247181578768483584,D6T,1,5.0
1382,247181134801403904,247181497130550528,ROSE,1,5.0
1383,247190618366017536,247190967944480000,陈小三,1,5.0
1384,247190570148298752,247190936847910144,林中币,1,5.0
1385,247529218127429632,247529932098635008,地方官,1,5.0
1386,248314774667132928,247074639233418496,浩泽,0,5.0
1387,248332319860195328,248332491818272000,超级王国,1,5.0
1388,248332338860392448,247080760098686208,丁永芳,0,5.0
1389,248358565415485440,248358052586325248,喊人家,0,5.0
1390,248343536897097728,248342926273545472,虚拟人生,0,5.0
1391,248371529841377280,248370848711574784,虚拟哈哈,0,5.0
1392,248387686560432128,248387937799243008,币圈第一大帮,1,5.0
1393,248399829338947584,248400091625555200,霞姐工会,1,5.0
1394,248404564196458496,248404833193952512,天地公会,1,5.0
1395,248410377535356928,248410574860584192,BBT工会,1,5.0
1396,249904615808827392,247135718063998208,永龙公会,0,5.0
1397,249896137249783808,249895640392533248,创世公会123,0,5.0
1398,249904479477170176,247135718063998208,永龙公会,0,5.0
1399,249932110755004416,249931417461720320,客户卡,0,5.0
1400,249931291204780032,249931417461720320,客户卡,1,5.0
1401,249948743326236672,249948207193523456,大城堡,0,5.0
1402,250608832009732096,250608076019991808,非常大方,0,5.0
1403,250726915735027712,250727081099658496,的粉色发,1,5.0
1404,250583936944832512,250583457502332160,手动阀,0,5.0
1405,250543712344735744,250543387579778304,fgd这是地方挖,0,5.0
1406,251172834607628288,247135642012878080,陈长发,0,5.0
1407,251184144229597184,247145163468834048,冯安容,0,5.0
1408,251180909875953664,247145066160981248,邓亮国,0,5.0
1409,251188257969405952,247144917808448768,仇仁峰,0,5.0
1410,251184194351529984,247145163468834048,冯安容,0,5.0
1411,251188214222815232,247144917808448768,仇仁峰,0,5.0
1412,251184231286571008,247145163468834048,冯安容,0,5.0
1413,251180951466672128,247145066160981248,邓亮国,0,5.0
1414,251172722510659584,247135642012878080,陈长发,0,5.0
1415,251172791448240128,247135642012878080,陈长发,0,5.0
1416,251295456989282304,251295581627221248,胡椒粉,1,5.0
1417,251284756749352960,251284966766544128,那后果很难,1,5.0
1418,251300693208727552,251300330762142976,为哇大师,0,5.0
1419,247114247061110784,247114575022130432,胡耀祖,1,5.0
1420,253555535226601472,254874516889797888,币哈哈,0,2701.0
1421,241789878042624000,241710272803505408,868686,0,2.0
1422,216477550426456064,233685142751937792,麒麟社,1,274.0
1423,234695224939773952,234695551004968192,比特币,1,14.0
1424,238953323313758208,238953647206302976,孙玉杰的朋友们,1,4.0
1425,239557364485980160,239557784142873856,BHEX Vietnam,1,2.0
1426,243123221329870848,243127297052509440,华龙娱乐,1,2.0
1427,241888112333291520,233828205151388928,嘿嘿嘿,0,2.0
1428,243897285157847040,243900300224890112,比特币先锋,1,2.0
1429,244000914741133312,244013422222771456,金字招牌,1,2.0
1430,244202963684556800,234695551004968192,比特币,0,2.0
1431,245590772467105792,246944446342759680,超级公会1,1,283.0
1432,235986375089061888,233332784507389184,5029公会,0,1.0
1433,252951111902953472,239645778283595008,otokogumi-bhex,0,52.0
1434,244973556868579328,240373972909425920,彦杰瑞业创投,0,100.0
1435,235983822435647488,233332784507389184,5029公会,0,3.0
1436,253645717359558656,240373972909425920,彦杰瑞业创投,0,93.0
1437,253586251540856832,244103179665671424,大路节点,0,2701.0
1438,253640010774085632,240373972909425920,彦杰瑞业创投,0,245.0
1439,251497076125597696,243312455214957824,链一财经,0,2.0
1440,244688295945306112,239645778283595008,otokogumi-bhex,0,33.0
1441,243981498217398272,243970944308348160,比特币交易,0,193.0
1442,243966242678112256,243970944308348160,比特币交易,1,4.0
1443,243943682036989952,240373972909425920,彦杰瑞业创投,0,106.0
1444,253677245070311424,240373972909425920,彦杰瑞业创投,0,2168.0
1445,252127962386923520,255401461117355264,老头子出马不出千,0,310.0
1446,254016540306046976,252687137911342336,币核必合,0,1079.0
1447,253985759617613824,240373972909425920,彦杰瑞业创投,0,455.0
1448,254036678023577600,254874516889797888,币哈哈,0,266.0
1449,253503599005663232,240373972909425920,彦杰瑞业创投,0,151.0
1450,254121908252180480,240373972909425920,彦杰瑞业创投,0,246.0
1451,240035352075829248,239557784142873856,BHEX Vietnam,0,12.0
1452,239039341895352320,236067888744891648,BHEXVietnam,0,4.0
1453,232409000610889728,233332784507389184,5029公会,1,6.0
1454,244114848873709568,244074417200825600,中本聪,0,11.0
1455,243588581782978560,233332784507389184,5029公会,0,1.0
1456,239871049678979072,233332784507389184,5029公会,0,3.0
1457,244020262369230848,243979286317630720,数字货币星球,0,66.0
1458,242006302249975808,239645778283595008,otokogumi-bhex,0,191.0
1459,253647833184600064,239645778283595008,otokogumi-bhex,0,1.0
1460,254993260580438016,244103179665671424,大路节点,0,26.0
1461,254883187732512768,243127297052509440,华龙娱乐,0,9.0
1462,244052366679343104,243947171781805312,熊市抱团取暖,0,7.0
1463,255050943182405632,240373972909425920,彦杰瑞业创投,0,3090.0
1464,240038826301718528,239557784142873856,BHEX Vietnam,0,9.0
1465,241925699370483712,241907791537898752,cocolonotomo Guild,0,8.0
1466,253356323704668160,239645778283595008,otokogumi-bhex,0,3.0
1467,255412308325695488,247734346914727168,兴辉公会,0,8.0
1468,255409554362466304,255401461117355264,老头子出马不出千,0,927.0
1469,255086897830035456,240373972909425920,彦杰瑞业创投,0,38.0
1470,244202833300422656,244205530321782016,爱Q活动网,1,100.0
1471,255608635072446464,240373972909425920,彦杰瑞业创投,0,2.0
1472,241178519084990464,255401461117355264,老头子出马不出千,1,137.0
1473,217306901732655104,234617404377007360,笑傲天拿第一,1,1.0
1474,242360196800970752,239645778283595008,otokogumi-bhex,0,3.0
1475,240445855252086784,239557784142873856,BHEX Vietnam,0,1.0
1476,254874033169104896,254874516889797888,币哈哈,1,806.0
1477,255586563772383232,239645778283595008,otokogumi-bhex,0,27.0
1478,244112212594262016,244112440898618624,chain,1,871.0
1479,241820719187755008,239645778283595008,otokogumi-bhex,0,23.0
1480,243265503706218496,233280106230187264,bhex官方小姐姐,0,36.0
1481,251369535620513792,254957158511412480,大嘴巴,1,1638.0
1482,254957650956255232,254958312867759360,笑笑网红,1,1638.0
1483,254960437895102464,254960791525262592,这时对那时错,1,1638.0
1484,254958793425944576,254958880491308288,币圈最污君,1,1638.0
1485,254961216399867904,254961306761954560,柔柔要早睡,1,1638.0
1486,234550158510260224,234557379306587392,BHEX同盟会,1,5.0
1487,254157174648078336,245428664312005888,blabs,0,5.0
1488,253427664118087680,247734257995482368,颜远辉,0,5.0
1489,255097040831512576,255086083438806272,团队联盟,0,5.0
1490,255043522728820736,247080825739543808,借力,0,5.0
1491,255538319218442240,247529932098635008,地方官,0,5.0
1492,242082678864871424,239645778283595008,otokogumi-bhex,0,5.0
1493,255544550561677312,247529848900420864,郑凯朋,0,5.0
1494,255158805145583616,241907791537898752,cocolonotomo Guild,0,5.0
1495,255548768664158208,247529822694409472,张月,0,5.0
1496,255555463343767552,247529745502438656,changou9671,0,5.0
1497,255570004265926656,247541689194120448,庆君,0,5.0
1498,255548860309700608,247529822694409472,张月,0,5.0
1499,255173374396071936,239645778283595008,otokogumi-bhex,0,5.0
1500,255532254691065856,247734346914727168,兴辉公会,0,5.0
1501,255585371281424384,247547928967906560,袁志伏,0,5.0
1502,255538437883691008,247529932098635008,地方官,0,5.0
1503,255582254250852352,247548007661438208,杨欢的公会,0,5.0
1504,255555495665074176,247529745502438656,changou9671,0,5.0
1505,255532283094892544,247734346914727168,兴辉公会,0,5.0
1506,255570031864446976,247541689194120448,庆君,0,5.0
1507,255585322442948608,247547928967906560,袁志伏,0,5.0
1508,255538398817943552,247529932098635008,地方官,0,5.0
1509,255576138578132992,247541773851952384,BABY,0,5.0
1510,255582281295724544,247548007661438208,杨欢的公会,0,5.0
1511,255539445422620672,247529932098635008,地方官,0,5.0
1512,255605536320651264,247736285756916992,陈锦涛,0,5.0
1513,255585438339956736,247547928967906560,袁志伏,0,5.0
1514,255573268290076672,247541712942269696,李占军,0,5.0
1515,255569970862489600,247541689194120448,庆君,0,5.0
1516,255582124093210624,247548007661438208,杨欢的公会,0,5.0
1517,255585406983340032,247547928967906560,袁志伏,0,5.0
1518,255555406091517952,247529745502438656,changou9671,0,5.0
1519,255576098337980416,247541773851952384,BABY,0,5.0
1520,255558793973465088,247541634835940608,荣誉公会,0,5.0
1521,255639335943274496,247748029766173952,赵玉会,0,5.0
1522,255582168225677312,247548007661438208,杨欢的公会,0,5.0
1523,255570059261640704,247541689194120448,庆君,0,5.0
1524,255598021923045376,247736381487711488,燕明,0,5.0
1525,255558880392904704,247541634835940608,荣誉公会,0,5.0
1526,240416656294412288,240373972909425920,彦杰瑞业创投,0,59.0
1527,255605498479640576,247736285756916992,陈锦涛,0,5.0
1528,255608308403273728,247736340802962688,丽丽,0,5.0
1529,255590731685822464,247547882922837248,梦杰,0,5.0
1530,255605434046742528,247736285756916992,陈锦涛,0,5.0
1531,255578679286169600,247548190398874880,币市超级公会,0,5.0
1532,255565754446118912,247541634835940608,荣誉公会,0,5.0
1533,255608277348646912,247736340802962688,丽丽,0,5.0
1534,255605467659894784,247736285756916992,陈锦涛,0,5.0
1535,255599524247240704,247736381487711488,燕明,0,5.0
1536,255562592972701696,247541634835940608,荣誉公会,0,5.0
1537,255608378146160640,247736340802962688,丽丽,0,5.0
1538,255588189300064256,247547882922837248,梦杰,0,5.0
1539,255590654250582016,247547882922837248,梦杰,0,5.0
1540,255565835975000064,247541634835940608,荣誉公会,0,5.0
1541,255565780031373312,247541634835940608,荣誉公会,0,5.0
1542,255565861082103808,247541634835940608,荣誉公会,0,5.0
1543,255562454099296256,247541634835940608,荣誉公会,0,5.0
1544,255562503776632832,247541634835940608,荣誉公会,0,5.0
1545,255783540711751680,243947171781805312,熊市抱团取暖,0,5.0
1546,255639300274913280,247748029766173952,赵玉会,0,5.0
1547,255841375642451968,247775208344388864,牟恩平,0,5.0
1548,255639267920052224,247748029766173952,赵玉会,0,5.0
1549,255810853188927488,243947171781805312,熊市抱团取暖,0,5.0
1550,255783456699842560,243947171781805312,熊市抱团取暖,0,5.0
1551,255786634556211200,243947171781805312,熊市抱团取暖,0,5.0
1552,255805394713313280,243947171781805312,熊市抱团取暖,0,5.0
1553,255783492871520256,243947171781805312,熊市抱团取暖,0,5.0
1554,255815621391155200,243947171781805312,熊市抱团取暖,0,5.0
1555,255815788517392384,243947171781805312,熊市抱团取暖,0,5.0
1556,255805349314166784,243947171781805312,熊市抱团取暖,0,5.0
1557,255805617808343040,243947171781805312,熊市抱团取暖,0,5.0
1558,255811313127915520,243947171781805312,熊市抱团取暖,0,5.0
1559,255805580026052608,243947171781805312,熊市抱团取暖,0,5.0
1560,255778680134172672,243947171781805312,熊市抱团取暖,0,5.0
1561,255778796685492224,243947171781805312,熊市抱团取暖,0,5.0
1562,255778973030809600,243947171781805312,熊市抱团取暖,0,5.0
1563,255778996544077824,243947171781805312,熊市抱团取暖,0,5.0
1564,255795299073916928,243947171781805312,熊市抱团取暖,0,5.0
1565,255795855448342528,243947171781805312,熊市抱团取暖,0,5.0
1566,255799740254650368,243947171781805312,熊市抱团取暖,0,5.0
1567,255799858232033280,243947171781805312,熊市抱团取暖,0,5.0
1568,255799808420478976,243947171781805312,熊市抱团取暖,0,5.0
1569,255799917967310848,243947171781805312,熊市抱团取暖,0,5.0
1570,255815717449105408,243947171781805312,熊市抱团取暖,0,5.0
1571,255815654031228928,243947171781805312,熊市抱团取暖,0,5.0
1572,255083799430561792,255086083438806272,团队联盟,1,5.0
1573,255562410210099200,247541634835940608,荣誉公会,0,5.0
1574,255043630681817088,247080825739543808,借力,0,5.0
1575,255532204351029248,247734346914727168,兴辉公会,0,5.0
1576,255558912512884736,247541634835940608,荣誉公会,0,5.0
1577,255573189906923520,247541712942269696,李占军,0,5.0
1578,255544472782503936,247529848900420864,郑凯朋,0,5.0
1579,255548890131202048,247529822694409472,张月,0,5.0
1580,255573139541721088,247541712942269696,李占军,0,5.0
1581,255576158358470656,247541773851952384,BABY,0,5.0
1582,255544439966269440,247529848900420864,郑凯朋,0,5.0
1583,255573227764711424,247541712942269696,李占军,0,5.0
1584,255558835899727872,247541634835940608,荣誉公会,0,5.0
1585,255588261408538624,247547882922837248,梦杰,0,5.0
1586,255548821143289856,247529822694409472,张月,0,5.0
1587,255602870253256704,247736256438732032,香冲,0,5.0
1588,255544406277619712,247529848900420864,郑凯朋,0,5.0
1589,255578792633040896,247548190398874880,币市超级公会,0,5.0
1590,255588233726132224,247547882922837248,梦杰,0,5.0
1591,255597555709378560,247736381487711488,燕明,0,5.0
1592,255602837403467776,247736256438732032,香冲,0,5.0
1593,255588129304739840,247547882922837248,梦杰,0,5.0
1594,255576050413862912,247541773851952384,BABY,0,5.0
1595,255602770781143040,247736256438732032,香冲,0,5.0
1596,255627865142591488,247741318946882816,胜利公会,0,5.0
1597,255608345380257792,247736340802962688,丽丽,0,5.0
1598,255625212832514048,247741495594190080,币市论坛,0,5.0
1599,255635997453451264,247748006705890560,何博文,0,5.0
1600,255627737258262528,247741318946882816,胜利公会,0,5.0
1601,255597453888454656,247736381487711488,燕明,0,5.0
1602,255633405734289408,247747983729493248,吴龙怀,0,5.0
1603,255618980012883968,247741528183932160,丁世涛,0,5.0
1604,255635967581618176,247748006705890560,何博文,0,5.0
1605,255627807529631744,247741318946882816,胜利公会,0,5.0
1606,255625246764433408,247741495594190080,币市论坛,0,5.0
1607,255602803085672448,247736256438732032,香冲,0,5.0
1608,255618926871052288,247741528183932160,丁世涛,0,5.0
1609,255630659354361856,247741263431075072,龚沾奎,0,5.0
1610,255646948907024384,247753747969869056,杜飞雪,0,5.0
1611,255691835727675392,247795163114767616,王雪丽,0,5.0
1612,255698102839934976,247754144457426176,周帮全,0,5.0
1613,255625276820815872,247741495594190080,币市论坛,0,5.0
1614,255653380310171648,247753805876430080,范德霞,0,5.0
1615,255630589846355968,247741263431075072,龚沾奎,0,5.0
1616,255618953555214336,247741528183932160,丁世涛,0,5.0
1617,255698137921093632,247754144457426176,周帮全,0,5.0
1618,255635920110485504,247748006705890560,何博文,0,5.0
1619,255727097736331264,247763189373338880,丁敏,0,5.0
1620,255642118167724032,247748055519200512,方海英,0,5.0
1621,255633375921176576,247747983729493248,吴龙怀,0,5.0
1622,255707599608217600,247763166514382080,丁磊,0,5.0
1623,255625323008491520,247741495594190080,币市论坛,0,5.0
1624,255630628928880640,247741263431075072,龚沾奎,0,5.0
1625,255686106090307584,247797136434136320,谢二涛,0,5.0
1626,255646885950521344,247753747969869056,杜飞雪,0,5.0
1627,255753867655118848,247765409737213184,李宝,0,5.0
1628,255727127071293440,247763189373338880,丁敏,0,5.0
1629,255737297545461760,247763211460543744,杜海龙,0,5.0
1630,255635890532253696,247748006705890560,何博文,0,5.0
1631,255691799186898944,247795163114767616,王雪丽,0,5.0
1632,255653499243855872,247753805876430080,范德霞,0,5.0
1633,255680747523014656,247754117362222336,高龙,0,5.0
1634,255642152527462400,247748055519200512,方海英,0,5.0
1635,255707563277156352,247763166514382080,丁磊,0,5.0
1636,255630539976081408,247741263431075072,龚沾奎,0,5.0
1637,255727043092938752,247763189373338880,丁敏,0,5.0
1638,255691711517556736,247795163114767616,王雪丽,0,5.0
1639,255642082801352704,247748055519200512,方海英,0,5.0
1640,255758082486042624,247765432025744640,李广,0,5.0
1641,255753898550362112,247765409737213184,李宝,0,5.0
1642,255698187078336512,247754144457426176,周帮全,0,5.0
1643,255772066882781184,247770230569567488,忠翔,0,5.0
1644,255646918036946944,247753747969869056,杜飞雪,0,5.0
1645,255711477368094720,247763166514382080,丁磊,0,5.0
1646,255737328985964544,247763211460543744,杜海龙,0,5.0
1647,255704814883962880,247763137254917376,TNT,0,5.0
1648,255775494082134016,247770171488601344,DAVE,0,5.0
1649,255727150450343936,247763189373338880,丁敏,0,5.0
1650,255746432823459840,247765382298076416,徐健刚,0,5.0
1651,255786788931764224,243947171781805312,熊市抱团取暖,0,5.0
1652,255685937093410816,247797136434136320,谢二涛,0,5.0
1653,255753928480915456,247765409737213184,李宝,0,5.0
1654,255691763015221248,247795163114767616,王雪丽,0,5.0
1655,255758052731650048,247765432025744640,李广,0,5.0
1656,255653467224539136,247753805876430080,范德霞,0,5.0
1657,255772041700179968,247770230569567488,忠翔,0,5.0
1658,255740713495691264,247765356712822016,耿远,0,5.0
1659,255698224155983872,247754144457426176,周帮全,0,5.0
1660,255737382085853184,247763211460543744,杜海龙,0,5.0
1661,255775529062629376,247770171488601344,DAVE,0,5.0
1662,255686054231932928,247797136434136320,谢二涛,0,5.0
1663,255707670030581760,247763166514382080,丁磊,0,5.0
1664,255746459532787712,247765382298076416,徐健刚,0,5.0
1665,255795250520653824,243947171781805312,熊市抱团取暖,0,5.0
1666,255761707606212608,247770409389524224,三国公会,0,5.0
1667,255680715998625792,247754117362222336,高龙,0,5.0
1668,255767583473795072,247770324186432768,云俊小公会,0,5.0
1669,255704897285259264,247763137254917376,TNT,0,5.0
1670,255642192222355456,247748055519200512,方海英,0,5.0
1671,255758017038123008,247765432025744640,李广,0,5.0
1672,255653429064761344,247753805876430080,范德霞,0,5.0
1673,255831872557547520,247775287163749632,代付,0,5.0
1674,255772005746606080,247770230569567488,忠翔,0,5.0
1675,255836488825307136,247775243123557632,欧贵,0,5.0
1676,255746486451830784,247765382298076416,徐健刚,0,5.0
1677,255775567524397056,247770171488601344,DAVE,0,5.0
1678,255761677147176960,247770409389524224,三国公会,0,5.0
1679,255783387653210112,243947171781805312,熊市抱团取暖,0,5.0
1680,255680628815822848,247754117362222336,高龙,0,5.0
1681,255704864536133632,247763137254917376,TNT,0,5.0
1682,255826543333605376,247779490309342464,币市大佬公会,0,5.0
1683,255767658409230336,247770324186432768,云俊小公会,0,5.0
1684,255650838855548928,247753805876430080,范德霞,0,5.0
1685,255757970523291648,247765432025744640,李广,0,5.0
1686,255831840085245952,247775287163749632,代付,0,5.0
1687,255771973651791872,247770230569567488,忠翔,0,5.0
1688,255836438049062912,247775243123557632,欧贵,0,5.0
1689,255740783817392128,247765356712822016,耿远,0,5.0
1690,255775593218703360,247770171488601344,DAVE,0,5.0
1691,255680672411418624,247754117362222336,高龙,0,5.0
1692,255704939521900544,247763137254917376,TNT,0,5.0
1693,255826790604603392,247779490309342464,币市大佬公会,0,5.0
1694,255767521515536384,247770324186432768,云俊小公会,0,5.0
1695,255650900981579776,247753805876430080,范德霞,0,5.0
1696,255831798318366720,247775287163749632,代付,0,5.0
1697,255740819410255872,247765356712822016,耿远,0,5.0
1698,255821379742728192,247775355656733952,佳伟,0,5.0
1699,255761624533827584,247770409389524224,三国公会,0,5.0
1700,255786701597966336,243947171781805312,熊市抱团取暖,0,5.0
1701,255826814537302016,247779490309342464,币市大佬公会,0,5.0
1702,255650867947241472,247753805876430080,范德霞,0,5.0
1703,255821421115342848,247775355656733952,佳伟,0,5.0
1704,255831956804337664,247775287163749632,代付,0,5.0
1705,255836667653652480,247775243123557632,欧贵,0,5.0
1706,255761735657717760,247770409389524224,三国公会,0,5.0
1707,255795415541350400,243947171781805312,熊市抱团取暖,0,5.0
1708,255656613917229056,247753805876430080,范德霞,0,5.0
1709,255821317121769472,247775355656733952,佳伟,0,5.0
1710,255836707390488576,247775243123557632,欧贵,0,5.0
1711,255811484154855424,243947171781805312,熊市抱团取暖,0,5.0
1712,255826763475845120,247779490309342464,币市大佬公会,0,5.0
1713,255811541994307584,243947171781805312,熊市抱团取暖,0,5.0
1714,255821183709347840,247775355656733952,佳伟,0,5.0
1715,255555526979747840,247529745502438656,changou9671,0,5.0
1716,255841199070642176,247775208344388864,牟恩平,0,5.0
1717,255841144360140800,247775208344388864,牟恩平,0,5.0
1718,255841103650226176,247775208344388864,牟恩平,0,5.0
1719,255639234994765824,247748029766173952,赵玉会,0,5.0
1720,255578754078998528,247548190398874880,币市超级公会,0,5.0
1721,255618893861879808,247741528183932160,丁世涛,0,5.0
1722,255646986068557824,247753747969869056,杜飞雪,0,5.0
1723,255686132900298752,247797136434136320,谢二涛,0,5.0
1724,255633279519293440,247747983729493248,吴龙怀,0,5.0
1725,255627925708341248,247741318946882816,胜利公会,0,5.0
1726,255746383548776448,247765382298076416,徐健刚,0,5.0
1727,255650936943542272,247753805876430080,范德霞,0,5.0
1728,255767614931075072,247770324186432768,云俊小公会,0,5.0
1729,255753808179888128,247765409737213184,李宝,0,5.0
1730,255740746379034624,247765356712822016,耿远,0,5.0
1731,255737409936031744,247763211460543744,杜海龙,0,5.0
1732,255786917336186880,243947171781805312,熊市抱团取暖,0,5.0
1733,255656586545201152,247753805876430080,范德霞,0,5.0
1734,254958359281926144,254959832799642880,浪迹天涯,1,1.0
1735,254959020287459328,254959549843506432,杠精,1,1.0
1736,254961290647437312,254961412676519168,挖矿搞机,1,1.0
1737,254956835952656384,254957186646803712,我是小师傅,1,1.0
1738,254962419670188032,254962565657134336,梦里梵高,1,1.0
1739,254960600264998912,254960697396692224,行情小能手,1,1.0
1740,254838139439546368,254838594185987328,齐心协力公会,1,6641.0
